Date,aqi_co,aqi_no2,aqi_o3,aqi_pm_2_5,aqi_pm_10,AQI_Max
2015-01-01,7.0,37.0,26.0,55.0,,55.0
2015-01-02,8.0,42.0,20.0,73.0,,73.0
2015-01-03,10.0,45.0,17.0,84.0,,84.0
2015-01-04,10.0,40.0,19.0,86.0,,86.0
2015-01-05,9.0,42.0,12.0,69.0,,69.0
2015-01-06,10.0,47.0,13.0,90.0,41.0,90.0
2015-01-07,15.0,47.0,8.0,72.0,,72.0
2015-01-08,14.0,48.0,5.0,98.0,,98.0
2015-01-09,14.0,33.0,9.0,80.0,,80.0
2015-01-10,7.0,29.0,13.0,56.0,,56.0
2015-01-11,7.0,25.0,14.0,54.0,,54.0
2015-01-12,7.0,31.0,9.0,50.0,,50.0
2015-01-13,10.0,35.0,11.0,38.0,,38.0
2015-01-14,8.0,32.0,13.0,81.0,,81.0
2015-01-15,9.0,44.0,9.0,100.0,,100.0
2015-01-16,9.0,37.0,5.0,93.0,,93.0
2015-01-17,8.0,27.0,17.0,57.0,,57.0
2015-01-18,8.0,22.0,7.0,58.0,17.0,58.0
2015-01-19,8.0,26.0,12.0,46.0,,46.0
2015-01-20,8.0,27.0,11.0,55.0,,55.0
2015-01-21,9.0,32.0,11.0,52.0,,52.0
2015-01-22,9.0,25.0,11.0,63.0,,63.0
2015-01-23,13.0,37.0,8.0,69.0,,69.0
2015-01-24,13.0,33.0,11.0,68.0,,68.0
2015-01-25,9.0,32.0,14.0,67.0,,67.0
2015-01-26,9.0,35.0,8.0,64.0,,64.0
2015-01-27,10.0,42.0,21.0,43.0,,43.0
2015-01-28,11.0,42.0,21.0,91.0,,91.0
2015-01-29,11.0,47.0,19.0,52.0,,52.0
2015-01-30,8.0,28.0,12.0,46.0,22.0,46.0
2015-01-31,9.0,25.0,27.0,34.0,,34.0
2015-02-01,9.0,35.0,18.0,57.0,,57.0
2015-02-02,11.0,45.0,20.0,81.0,,81.0
2015-02-03,11.0,37.0,16.0,60.0,,60.0
2015-02-04,9.0,30.0,30.0,74.0,,74.0
2015-02-05,6.0,39.0,28.0,34.0,,39.0
2015-02-06,3.0,9.0,29.0,15.0,,29.0
2015-02-07,5.0,14.0,26.0,26.0,,26.0
2015-02-08,5.0,17.0,38.0,18.0,,38.0
2015-02-09,5.0,19.0,30.0,43.0,,43.0
2015-02-10,7.0,27.0,21.0,29.0,,29.0
2015-02-11,8.0,39.0,15.0,36.0,15.0,39.0
2015-02-12,9.0,37.0,19.0,38.0,,38.0
2015-02-13,10.0,53.0,21.0,49.0,,53.0
2015-02-14,9.0,34.0,21.0,54.0,,54.0
2015-02-15,10.0,39.0,23.0,45.0,,45.0
2015-02-16,10.0,32.0,36.0,51.0,,51.0
2015-02-17,5.0,21.0,37.0,47.0,,47.0
2015-02-18,5.0,16.0,25.0,38.0,,38.0
2015-02-19,5.0,22.0,22.0,48.0,,48.0
2015-02-20,8.0,27.0,15.0,54.0,,54.0
2015-02-21,9.0,24.0,31.0,43.0,,43.0
2015-02-22,6.0,22.0,31.0,25.0,,31.0
2015-02-23,5.0,37.0,31.0,18.0,19.0,37.0
2015-02-24,7.0,61.0,29.0,26.0,,61.0
2015-02-25,6.0,29.0,28.0,41.0,,41.0
2015-02-26,8.0,35.0,29.0,48.0,,48.0
2015-02-27,5.0,13.0,33.0,15.0,,33.0
2015-02-28,5.0,30.0,31.0,17.0,,31.0
2015-03-01,,26.0,30.0,20.0,,30.0
2015-03-02,6.0,25.0,35.0,32.0,,35.0
2015-03-03,8.0,44.0,29.0,33.0,,44.0
2015-03-04,7.0,41.0,28.0,36.0,,41.0
2015-03-05,8.0,37.0,36.0,36.0,,37.0
2015-03-06,8.0,46.0,33.0,43.0,,46.0
2015-03-07,7.0,25.0,34.0,44.0,19.0,44.0
2015-03-08,6.0,15.0,31.0,49.0,,49.0
2015-03-09,6.0,19.0,24.0,53.0,,53.0
2015-03-10,5.0,27.0,30.0,60.0,,60.0
2015-03-11,5.0,23.0,33.0,41.0,,41.0
2015-03-12,5.0,42.0,24.0,25.0,,42.0
2015-03-13,8.0,49.0,21.0,37.0,,49.0
2015-03-14,7.0,28.0,37.0,41.0,,41.0
2015-03-15,7.0,26.0,32.0,18.0,,32.0
2015-03-16,6.0,29.0,30.0,30.0,,30.0
2015-03-17,5.0,17.0,32.0,21.0,,32.0
2015-03-18,6.0,33.0,30.0,30.0,,33.0
2015-03-19,8.0,42.0,34.0,51.0,27.0,51.0
2015-03-20,6.0,35.0,33.0,30.0,,35.0
2015-03-21,5.0,9.0,31.0,20.0,,31.0
2015-03-22,5.0,9.0,34.0,23.0,,34.0
2015-03-23,5.0,22.0,39.0,28.0,,39.0
2015-03-24,5.0,21.0,33.0,27.0,,33.0
2015-03-25,7.0,32.0,24.0,30.0,,32.0
2015-03-26,7.0,41.0,28.0,38.0,,41.0
2015-03-27,6.0,19.0,24.0,13.0,,24.0
2015-03-28,6.0,20.0,31.0,32.0,,32.0
2015-03-29,5.0,16.0,28.0,45.0,,45.0
2015-03-30,5.0,15.0,31.0,46.0,,46.0
2015-03-31,5.0,13.0,38.0,28.0,16.0,38.0
2015-04-01,7.0,47.0,37.0,33.0,,47.0
2015-04-02,7.0,26.0,35.0,35.0,,35.0
2015-04-03,9.0,50.0,38.0,51.0,,51.0
2015-04-04,6.0,15.0,42.0,28.0,,42.0
2015-04-05,5.0,14.0,43.0,25.0,,43.0
2015-04-06,7.0,42.0,42.0,15.0,,42.0
2015-04-07,3.0,27.0,43.0,10.0,,43.0
2015-04-08,6.0,40.0,38.0,18.0,,40.0
2015-04-09,5.0,39.0,35.0,21.0,,39.0
2015-04-10,5.0,40.0,34.0,20.0,,40.0
2015-04-11,3.0,17.0,33.0,21.0,,33.0
2015-04-12,5.0,16.0,33.0,22.0,13.0,33.0
2015-04-13,3.0,12.0,44.0,16.0,,44.0
2015-04-14,5.0,22.0,40.0,22.0,,40.0
2015-04-15,7.0,42.0,35.0,21.0,,42.0
2015-04-16,8.0,42.0,43.0,16.0,,43.0
2015-04-17,6.0,32.0,36.0,40.0,,40.0
2015-04-18,3.0,10.0,34.0,41.0,,41.0
2015-04-19,3.0,4.0,37.0,28.0,,37.0
2015-04-20,3.0,11.0,36.0,33.0,,36.0
2015-04-21,3.0,16.0,32.0,21.0,,32.0
2015-04-22,3.0,13.0,35.0,34.0,,35.0
2015-04-23,3.0,13.0,34.0,55.0,,55.0
2015-04-24,3.0,8.0,41.0,22.0,13.0,41.0
2015-04-25,3.0,6.0,36.0,17.0,,36.0
2015-04-26,3.0,22.0,32.0,15.0,,32.0
2015-04-27,7.0,31.0,24.0,23.0,,31.0
2015-04-28,3.0,7.0,35.0,25.0,,35.0
2015-04-29,5.0,25.0,33.0,53.0,,53.0
2015-04-30,7.0,38.0,41.0,44.0,,44.0
2015-05-01,8.0,35.0,42.0,57.0,,57.0
2015-05-02,3.0,5.0,44.0,45.0,,45.0
2015-05-03,3.0,4.0,44.0,26.0,,44.0
2015-05-04,5.0,11.0,40.0,32.0,,40.0
2015-05-05,5.0,11.0,36.0,46.0,,46.0
2015-05-06,5.0,35.0,33.0,52.0,29.0,52.0
2015-05-07,5.0,37.0,32.0,54.0,,54.0
2015-05-08,5.0,33.0,35.0,56.0,,56.0
2015-05-09,3.0,6.0,37.0,25.0,,37.0
2015-05-10,3.0,5.0,34.0,25.0,,34.0
2015-05-11,3.0,9.0,36.0,39.0,,39.0
2015-05-12,3.0,10.0,38.0,23.0,,38.0
2015-05-13,3.0,12.0,38.0,15.0,,38.0
2015-05-14,5.0,19.0,43.0,13.0,,43.0
2015-05-15,3.0,10.0,37.0,21.0,,37.0
2015-05-16,3.0,5.0,37.0,23.0,,37.0
2015-05-17,3.0,4.0,36.0,8.0,,36.0
2015-05-18,5.0,14.0,32.0,16.0,10.0,32.0
2015-05-19,5.0,9.0,31.0,22.0,,31.0
2015-05-20,3.0,8.0,31.0,13.0,,31.0
2015-05-21,3.0,16.0,31.0,7.0,,31.0
2015-05-22,3.0,11.0,34.0,10.0,,34.0
2015-05-23,3.0,5.0,35.0,29.0,,35.0
2015-05-24,3.0,4.0,33.0,33.0,,33.0
2015-05-25,3.0,4.0,31.0,8.0,,31.0
2015-05-26,3.0,10.0,32.0,8.0,,32.0
2015-05-27,3.0,8.0,28.0,12.0,,28.0
2015-05-28,3.0,8.0,27.0,7.0,,27.0
2015-05-29,3.0,8.0,31.0,12.0,,31.0
2015-05-30,3.0,8.0,35.0,17.0,6.0,35.0
2015-05-31,3.0,4.0,36.0,22.0,,36.0
2015-06-01,5.0,11.0,27.0,3.0,,27.0
2015-06-02,3.0,13.0,27.0,10.0,,27.0
2015-06-03,,10.0,,30.0,,30.0
2015-06-04,3.0,17.0,25.0,35.0,,35.0
2015-06-05,5.0,15.0,26.0,32.0,,32.0
2015-06-06,3.0,8.0,29.0,5.0,,29.0
2015-06-07,5.0,9.0,25.0,0.0,,25.0
2015-06-08,6.0,22.0,28.0,7.0,,28.0
2015-06-09,,,22.0,0.0,,22.0
2015-06-10,5.0,20.0,23.0,3.0,,23.0
2015-06-11,5.0,16.0,27.0,17.0,12.0,27.0
2015-06-12,5.0,17.0,27.0,33.0,,33.0
2015-06-13,3.0,6.0,30.0,30.0,,30.0
2015-06-14,2.0,3.0,29.0,54.0,,54.0
2015-06-15,3.0,7.0,27.0,44.0,,44.0
2015-06-16,3.0,8.0,28.0,45.0,,45.0
2015-06-17,3.0,7.0,27.0,36.0,,36.0
2015-06-18,3.0,11.0,28.0,31.0,,31.0
2015-06-19,3.0,11.0,23.0,18.0,,23.0
2015-06-20,3.0,7.0,27.0,13.0,,27.0
2015-06-21,3.0,8.0,31.0,27.0,,31.0
2015-06-22,3.0,9.0,27.0,21.0,,27.0
2015-06-23,3.0,9.0,26.0,35.0,21.0,35.0
2015-06-24,3.0,6.0,25.0,34.0,,34.0
2015-06-25,5.0,17.0,22.0,36.0,,36.0
2015-06-26,5.0,12.0,27.0,28.0,,28.0
2015-06-27,3.0,6.0,17.0,11.0,,17.0
2015-06-28,3.0,3.0,21.0,0.0,,21.0
2015-06-29,3.0,7.0,,4.0,,7.0
2015-06-30,5.0,13.0,18.0,7.0,,18.0
2015-07-01,5.0,15.0,21.0,5.0,,21.0
2015-07-02,5.0,7.0,19.0,0.0,,19.0
2015-07-03,3.0,5.0,24.0,0.0,,24.0
2015-07-04,3.0,3.0,25.0,0.0,,25.0
2015-07-05,3.0,2.0,23.0,0.0,2.0,23.0
2015-07-06,3.0,8.0,24.0,6.0,,24.0
2015-07-07,5.0,8.0,19.0,0.0,,19.0
2015-07-08,3.0,7.0,22.0,0.0,,22.0
2015-07-09,3.0,8.0,23.0,13.0,,23.0
2015-07-10,5.0,13.0,22.0,12.0,,22.0
2015-07-11,3.0,7.0,23.0,0.0,,23.0
2015-07-12,3.0,7.0,22.0,2.0,,22.0
2015-07-13,3.0,7.0,15.0,3.0,,15.0
2015-07-14,3.0,6.0,24.0,5.0,,24.0
2015-07-15,3.0,12.0,23.0,18.0,,23.0
2015-07-16,5.0,12.0,23.0,10.0,,23.0
2015-07-17,5.0,10.0,27.0,11.0,12.0,27.0
2015-07-18,3.0,5.0,31.0,7.0,,31.0
2015-07-19,3.0,10.0,32.0,0.0,,32.0
2015-07-20,6.0,21.0,19.0,14.0,,21.0
2015-07-21,3.0,7.0,20.0,5.0,,20.0
2015-07-22,3.0,7.0,20.0,28.0,,28.0
2015-07-23,3.0,8.0,22.0,25.0,,25.0
2015-07-24,3.0,9.0,21.0,13.0,,21.0
2015-07-25,3.0,3.0,18.0,0.0,,18.0
2015-07-26,3.0,7.0,22.0,15.0,,22.0
2015-07-27,5.0,20.0,22.0,30.0,,30.0
2015-07-28,8.0,24.0,23.0,41.0,,41.0
2015-07-29,5.0,13.0,24.0,15.0,15.0,24.0
2015-07-30,3.0,8.0,25.0,14.0,,25.0
2015-07-31,3.0,8.0,24.0,15.0,,24.0
2015-08-01,3.0,4.0,24.0,14.0,,24.0
2015-08-02,3.0,5.0,19.0,13.0,,19.0
2015-08-03,3.0,11.0,23.0,,,23.0
2015-08-04,3.0,14.0,22.0,5.0,,22.0
2015-08-05,5.0,11.0,22.0,0.0,,22.0
2015-08-06,5.0,7.0,23.0,30.0,,30.0
2015-08-07,5.0,14.0,26.0,22.0,,26.0
2015-08-08,3.0,3.0,19.0,3.0,,19.0
2015-08-09,3.0,3.0,19.0,0.0,,19.0
2015-08-10,3.0,6.0,16.0,0.0,5.0,16.0
2015-08-11,3.0,8.0,20.0,0.0,,20.0
2015-08-12,5.0,16.0,17.0,0.0,,17.0
2015-08-13,3.0,7.0,22.0,0.0,,22.0
2015-08-14,5.0,18.0,18.0,5.0,,18.0
2015-08-15,6.0,22.0,29.0,59.0,,59.0
2015-08-16,7.0,25.0,46.0,80.0,,80.0
2015-08-17,6.0,18.0,28.0,66.0,,66.0
2015-08-18,5.0,11.0,35.0,61.0,,61.0
2015-08-19,5.0,8.0,34.0,40.0,,40.0
2015-08-20,5.0,8.0,31.0,29.0,,31.0
2015-08-21,3.0,7.0,27.0,24.0,,27.0
2015-08-22,3.0,6.0,28.0,15.0,15.0,28.0
2015-08-23,3.0,5.0,30.0,28.0,,30.0
2015-08-24,5.0,8.0,31.0,45.0,,45.0
2015-08-25,5.0,8.0,33.0,52.0,,52.0
2015-08-26,5.0,12.0,26.0,39.0,,39.0
2015-08-27,5.0,19.0,21.0,19.0,,21.0
2015-08-28,7.0,28.0,13.0,10.0,,28.0
2015-08-29,3.0,8.0,24.0,0.0,,24.0
2015-08-30,3.0,6.0,25.0,5.0,,25.0
2015-08-31,3.0,9.0,26.0,30.0,,30.0
2015-09-01,,7.0,27.0,32.0,,32.0
2015-09-02,3.0,8.0,25.0,8.0,,25.0
2015-09-03,3.0,9.0,25.0,24.0,22.0,25.0
2015-09-04,3.0,12.0,22.0,24.0,,24.0
2015-09-05,6.0,26.0,26.0,23.0,,26.0
2015-09-06,7.0,25.0,26.0,19.0,,26.0
2015-09-07,7.0,31.0,47.0,25.0,,47.0
2015-09-08,9.0,50.0,54.0,37.0,,54.0
2015-09-09,10.0,50.0,29.0,42.0,,50.0
2015-09-10,8.0,30.0,20.0,18.0,,30.0
2015-09-11,5.0,18.0,26.0,14.0,,26.0
2015-09-12,5.0,12.0,26.0,16.0,,26.0
2015-09-13,5.0,6.0,22.0,8.0,,22.0
2015-09-14,5.0,13.0,24.0,7.0,,24.0
2015-09-15,3.0,14.0,28.0,18.0,12.0,28.0
2015-09-16,5.0,40.0,31.0,4.0,,40.0
2015-09-17,5.0,17.0,24.0,11.0,,24.0
2015-09-18,8.0,29.0,21.0,26.0,,29.0
2015-09-19,7.0,32.0,39.0,32.0,,39.0
2015-09-20,9.0,42.0,90.0,33.0,,90.0
2015-09-21,10.0,46.0,30.0,45.0,,46.0
2015-09-22,3.0,7.0,29.0,35.0,,35.0
2015-09-23,5.0,15.0,24.0,27.0,,27.0
2015-09-24,7.0,37.0,26.0,12.0,,37.0
2015-09-25,6.0,19.0,23.0,20.0,,23.0
2015-09-26,5.0,8.0,25.0,14.0,,25.0
2015-09-27,5.0,12.0,23.0,42.0,,42.0
2015-09-28,5.0,10.0,31.0,24.0,,31.0
2015-09-29,5.0,10.0,32.0,21.0,,32.0
2015-09-30,7.0,33.0,18.0,,,33.0
2015-10-01,7.0,31.0,22.0,,,31.0
2015-10-02,6.0,25.0,25.0,23.0,,25.0
2015-10-03,3.0,9.0,32.0,41.0,35.0,41.0
2015-10-04,3.0,10.0,35.0,35.0,,35.0
2015-10-05,6.0,28.0,31.0,25.0,,31.0
2015-10-06,6.0,32.0,32.0,24.0,,32.0
2015-10-07,5.0,22.0,28.0,41.0,,41.0
2015-10-08,8.0,39.0,23.0,38.0,,39.0
2015-10-09,6.0,36.0,26.0,9.0,11.0,36.0
2015-10-10,5.0,10.0,22.0,0.0,,22.0
2015-10-11,5.0,19.0,20.0,20.0,,20.0
2015-10-12,8.0,32.0,21.0,36.0,,36.0
2015-10-13,10.0,42.0,33.0,42.0,,42.0
2015-10-14,9.0,43.0,31.0,25.0,,43.0
2015-10-15,5.0,22.0,28.0,18.0,,28.0
2015-10-16,3.0,11.0,36.0,5.0,,36.0
2015-10-17,3.0,8.0,39.0,0.0,,39.0
2015-10-18,3.0,6.0,33.0,0.0,,33.0
2015-10-19,5.0,23.0,25.0,0.0,,25.0
2015-10-20,8.0,37.0,18.0,20.0,,37.0
2015-10-21,9.0,37.0,22.0,26.0,22.0,37.0
2015-10-22,6.0,21.0,25.0,40.0,,40.0
2015-10-23,7.0,29.0,19.0,39.0,,39.0
2015-10-24,6.0,23.0,29.0,46.0,,46.0
2015-10-25,5.0,10.0,31.0,12.0,,31.0
2015-10-26,6.0,18.0,18.0,20.0,,20.0
2015-10-27,6.0,39.0,26.0,10.0,,39.0
2015-10-28,5.0,25.0,29.0,1.0,,29.0
2015-10-29,7.0,38.0,25.0,18.0,,38.0
2015-10-30,9.0,36.0,17.0,34.0,,36.0
2015-10-31,7.0,24.0,22.0,15.0,,24.0
2015-11-01,3.0,10.0,28.0,0.0,,28.0
2015-11-02,5.0,15.0,30.0,,10.0,30.0
2015-11-03,6.0,29.0,25.0,,,29.0
2015-11-04,6.0,33.0,29.0,,,33.0
2015-11-05,8.0,43.0,21.0,,,43.0
2015-11-06,8.0,32.0,23.0,,,32.0
2015-11-07,7.0,25.0,29.0,35.0,,35.0
2015-11-08,5.0,14.0,32.0,22.0,,32.0
2015-11-09,5.0,29.0,38.0,17.0,,38.0
2015-11-10,7.0,40.0,25.0,27.0,,40.0
2015-11-11,9.0,45.0,19.0,42.0,,45.0
2015-11-12,9.0,32.0,20.0,39.0,,39.0
2015-11-13,10.0,52.0,20.0,54.0,,54.0
2015-11-14,11.0,36.0,34.0,66.0,24.0,66.0
2015-11-15,5.0,7.0,34.0,19.0,,34.0
2015-11-16,5.0,23.0,30.0,13.0,,30.0
2015-11-17,,,21.0,18.0,,21.0
2015-11-18,10.0,51.0,19.0,41.0,,51.0
2015-11-19,13.0,34.0,18.0,41.0,,41.0
2015-11-20,10.0,34.0,12.0,33.0,,34.0
2015-11-21,11.0,43.0,22.0,55.0,,55.0
2015-11-22,13.0,43.0,22.0,58.0,,58.0
2015-11-23,10.0,35.0,26.0,39.0,,39.0
2015-11-24,6.0,25.0,30.0,25.0,,30.0
2015-11-25,7.0,38.0,23.0,26.0,,38.0
2015-11-26,7.0,29.0,28.0,21.0,6.0,29.0
2015-11-27,6.0,38.0,27.0,24.0,,38.0
2015-11-28,6.0,28.0,27.0,22.0,,28.0
2015-11-29,6.0,33.0,26.0,29.0,,33.0
2015-11-30,9.0,68.0,20.0,55.0,,68.0
2015-12-01,9.0,43.0,18.0,40.0,,43.0
2015-12-02,9.0,40.0,8.0,68.0,,68.0
2015-12-03,8.0,37.0,31.0,55.0,,55.0
2015-12-04,8.0,38.0,17.0,37.0,,38.0
2015-12-05,8.0,28.0,11.0,52.0,,52.0
2015-12-06,8.0,29.0,19.0,26.0,,29.0
2015-12-07,8.0,33.0,9.0,49.0,,49.0
2015-12-08,11.0,34.0,9.0,53.0,24.0,53.0
2015-12-09,8.0,30.0,27.0,25.0,,30.0
2015-12-10,5.0,14.0,32.0,28.0,,32.0
2015-12-11,6.0,44.0,30.0,32.0,,44.0
2015-12-12,5.0,28.0,29.0,30.0,,30.0
2015-12-13,5.0,7.0,35.0,16.0,,35.0
2015-12-14,5.0,12.0,27.0,24.0,,27.0
2015-12-15,8.0,,24.0,17.0,,24.0
2015-12-16,9.0,43.0,14.0,51.0,,51.0
2015-12-17,10.0,41.0,9.0,46.0,,46.0
2015-12-18,8.0,31.0,28.0,33.0,,33.0
2015-12-19,6.0,26.0,27.0,17.0,,27.0
2015-12-20,7.0,30.0,26.0,16.0,7.0,30.0
2015-12-21,6.0,20.0,28.0,1.0,,28.0
2015-12-22,5.0,9.0,32.0,16.0,,32.0
2015-12-23,6.0,17.0,24.0,34.0,,34.0
2015-12-24,6.0,19.0,31.0,21.0,,31.0
2015-12-25,6.0,24.0,26.0,17.0,,26.0
2015-12-26,8.0,36.0,25.0,26.0,,36.0
2015-12-27,9.0,32.0,15.0,50.0,,50.0
2015-12-28,10.0,35.0,15.0,51.0,,51.0
2015-12-29,10.0,32.0,14.0,42.0,,42.0
2015-12-30,8.0,47.0,9.0,55.0,,55.0
2015-12-31,5.0,32.0,,47.0,,47.0
2016-01-01,3.0,29.0,30.0,52.0,13.0,52.0
2016-01-02,5.0,26.0,22.0,53.0,,53.0
2016-01-03,6.0,29.0,15.0,67.0,,67.0
2016-01-04,6.0,32.0,28.0,62.0,,62.0
2016-01-05,6.0,29.0,27.0,27.0,,29.0
2016-01-06,6.0,25.0,32.0,19.0,,32.0
2016-01-07,7.0,33.0,21.0,38.0,,38.0
2016-01-08,8.0,34.0,11.0,55.0,,55.0
2016-01-09,7.0,31.0,23.0,41.0,,41.0
2016-01-10,7.0,21.0,22.0,40.0,,40.0
2016-01-11,7.0,29.0,8.0,55.0,,55.0
2016-01-12,7.0,33.0,30.0,55.0,,55.0
2016-01-13,7.0,36.0,32.0,39.0,19.0,39.0
2016-01-14,8.0,30.0,33.0,32.0,,33.0
2016-01-15,7.0,41.0,19.0,48.0,,48.0
2016-01-16,7.0,25.0,16.0,30.0,,30.0
2016-01-17,7.0,22.0,25.0,23.0,,25.0
2016-01-18,7.0,37.0,22.0,25.0,,37.0
2016-01-19,7.0,29.0,28.0,36.0,,36.0
2016-01-20,9.0,32.0,13.0,48.0,,48.0
2016-01-21,9.0,31.0,28.0,39.0,,39.0
2016-01-22,5.0,25.0,36.0,6.0,,36.0
2016-01-23,3.0,9.0,34.0,26.0,,34.0
2016-01-24,3.0,22.0,31.0,17.0,,31.0
2016-01-25,5.0,29.0,21.0,24.0,15.0,29.0
2016-01-26,6.0,25.0,8.0,51.0,,51.0
2016-01-27,9.0,38.0,17.0,52.0,,52.0
2016-01-28,9.0,37.0,16.0,59.0,,59.0
2016-01-29,7.0,29.0,33.0,15.0,,33.0
2016-01-30,3.0,16.0,33.0,16.0,,33.0
2016-01-31,3.0,7.0,31.0,19.0,,31.0
2016-02-01,5.0,16.0,28.0,20.0,,28.0
2016-02-02,5.0,22.0,22.0,28.0,,28.0
2016-02-03,5.0,36.0,21.0,36.0,,36.0
2016-02-04,6.0,30.0,21.0,45.0,,45.0
2016-02-05,7.0,36.0,18.0,52.0,,52.0
2016-02-06,8.0,40.0,20.0,52.0,19.0,52.0
2016-02-07,9.0,39.0,19.0,45.0,,45.0
2016-02-08,9.0,43.0,19.0,44.0,,44.0
2016-02-09,10.0,47.0,21.0,66.0,,66.0
2016-02-10,10.0,43.0,19.0,60.0,,60.0
2016-02-11,9.0,38.0,19.0,56.0,,56.0
2016-02-12,8.0,32.0,17.0,38.0,,38.0
2016-02-13,6.0,21.0,22.0,37.0,,37.0
2016-02-14,7.0,29.0,20.0,39.0,,39.0
2016-02-15,9.0,37.0,19.0,24.0,,37.0
2016-02-16,13.0,43.0,28.0,61.0,,61.0
2016-02-17,8.0,20.0,38.0,28.0,,38.0
2016-02-18,3.0,13.0,35.0,26.0,24.0,35.0
2016-02-19,5.0,22.0,34.0,25.0,,34.0
2016-02-20,6.0,31.0,26.0,34.0,,34.0
2016-02-21,7.0,31.0,30.0,27.0,,31.0
2016-02-22,10.0,40.0,19.0,34.0,,40.0
2016-02-23,11.0,37.0,23.0,34.0,,37.0
2016-02-24,8.0,47.0,31.0,52.0,,52.0
2016-02-25,8.0,50.0,30.0,62.0,,62.0
2016-02-26,7.0,29.0,27.0,18.0,,29.0
2016-02-27,3.0,15.0,30.0,18.0,,30.0
2016-02-28,6.0,27.0,24.0,33.0,,33.0
2016-02-29,,39.0,17.0,44.0,,44.0
2016-03-01,9.0,35.0,26.0,25.0,17.0,35.0
2016-03-02,5.0,19.0,24.0,20.0,,24.0
2016-03-03,5.0,20.0,19.0,11.0,,20.0
2016-03-04,6.0,21.0,22.0,13.0,,22.0
2016-03-05,3.0,7.0,40.0,0.0,,40.0
2016-03-06,3.0,7.0,39.0,20.0,,39.0
2016-03-07,5.0,23.0,31.0,19.0,,31.0
2016-03-08,7.0,41.0,31.0,21.0,,41.0
2016-03-09,7.0,28.0,19.0,28.0,,28.0
2016-03-10,6.0,17.0,26.0,17.0,,26.0
2016-03-11,3.0,14.0,37.0,20.0,,37.0
2016-03-12,5.0,14.0,36.0,23.0,,36.0
2016-03-13,5.0,4.0,35.0,25.0,11.0,35.0
2016-03-14,6.0,25.0,38.0,33.0,,38.0
2016-03-15,8.0,36.0,31.0,34.0,,36.0
2016-03-16,8.0,33.0,23.0,40.0,,40.0
2016-03-17,9.0,36.0,30.0,25.0,,36.0
2016-03-18,6.0,8.0,30.0,22.0,,30.0
2016-03-19,6.0,8.0,34.0,13.0,,34.0
2016-03-20,6.0,9.0,32.0,5.0,,32.0
2016-03-21,6.0,29.0,39.0,30.0,,39.0
2016-03-22,7.0,37.0,31.0,28.0,,37.0
2016-03-23,8.0,26.0,27.0,20.0,,27.0
2016-03-24,7.0,32.0,28.0,31.0,,32.0
2016-03-25,6.0,27.0,31.0,47.0,25.0,47.0
2016-03-26,5.0,25.0,25.0,43.0,,43.0
2016-03-27,3.0,9.0,36.0,17.0,,36.0
2016-03-28,3.0,14.0,32.0,26.0,,32.0
2016-03-29,6.0,36.0,29.0,35.0,,36.0
2016-03-30,5.0,17.0,31.0,39.0,,39.0
2016-03-31,5.0,10.0,31.0,38.0,,38.0
2016-04-01,3.0,11.0,32.0,30.0,,32.0
2016-04-02,3.0,17.0,30.0,36.0,,36.0
2016-04-03,3.0,7.0,31.0,31.0,,31.0
2016-04-04,5.0,27.0,28.0,34.0,,34.0
2016-04-05,7.0,38.0,30.0,53.0,,53.0
2016-04-06,9.0,46.0,34.0,36.0,22.0,46.0
2016-04-07,6.0,22.0,33.0,51.0,,51.0
2016-04-08,5.0,14.0,27.0,38.0,,38.0
2016-04-09,5.0,9.0,25.0,21.0,,25.0
2016-04-10,3.0,7.0,30.0,24.0,,30.0
2016-04-11,3.0,13.0,30.0,36.0,,36.0
2016-04-12,5.0,,37.0,35.0,,37.0
2016-04-13,5.0,,36.0,42.0,,42.0
2016-04-14,5.0,24.0,37.0,42.0,,42.0
2016-04-15,6.0,25.0,31.0,38.0,,38.0
2016-04-16,7.0,27.0,34.0,25.0,,34.0
2016-04-17,7.0,23.0,44.0,39.0,,44.0
2016-04-18,8.0,52.0,40.0,45.0,20.0,52.0
2016-04-19,8.0,49.0,41.0,42.0,,49.0
2016-04-20,8.0,54.0,33.0,34.0,,54.0
2016-04-21,6.0,16.0,31.0,25.0,,31.0
2016-04-22,6.0,15.0,40.0,30.0,,40.0
2016-04-23,5.0,9.0,33.0,30.0,,33.0
2016-04-24,5.0,8.0,36.0,32.0,,36.0
2016-04-25,6.0,17.0,34.0,39.0,,39.0
2016-04-26,7.0,,33.0,48.0,,48.0
2016-04-27,,,37.0,45.0,,45.0
2016-04-28,5.0,25.0,31.0,49.0,,49.0
2016-04-29,5.0,25.0,32.0,54.0,,54.0
2016-04-30,5.0,20.0,34.0,39.0,17.0,39.0
2016-05-01,7.0,29.0,37.0,57.0,,57.0
2016-05-02,5.0,19.0,31.0,57.0,,57.0
2016-05-03,5.0,19.0,27.0,43.0,,43.0
2016-05-04,5.0,13.0,32.0,48.0,,48.0
2016-05-05,5.0,21.0,31.0,43.0,,43.0
2016-05-06,5.0,9.0,25.0,54.0,,54.0
2016-05-07,5.0,10.0,25.0,33.0,,33.0
2016-05-08,3.0,7.0,31.0,38.0,,38.0
2016-05-09,5.0,23.0,31.0,41.0,,41.0
2016-05-10,,15.0,,41.0,,41.0
2016-05-11,5.0,15.0,32.0,38.0,,38.0
2016-05-12,5.0,16.0,33.0,35.0,12.0,35.0
2016-05-13,3.0,9.0,35.0,23.0,,35.0
2016-05-14,3.0,6.0,28.0,10.0,,28.0
2016-05-15,3.0,6.0,26.0,16.0,,26.0
2016-05-16,5.0,15.0,27.0,27.0,,27.0
2016-05-17,6.0,42.0,28.0,46.0,,46.0
2016-05-18,5.0,19.0,31.0,55.0,,55.0
2016-05-19,5.0,8.0,35.0,41.0,,41.0
2016-05-20,3.0,6.0,31.0,22.0,,31.0
2016-05-21,5.0,8.0,32.0,8.0,,32.0
2016-05-22,5.0,5.0,26.0,10.0,,26.0
2016-05-23,5.0,8.0,24.0,3.0,,24.0
2016-05-24,3.0,8.0,22.0,6.0,5.0,22.0
2016-05-25,3.0,8.0,29.0,18.0,,29.0
2016-05-26,3.0,12.0,43.0,36.0,,43.0
2016-05-27,5.0,13.0,35.0,53.0,,53.0
2016-05-28,6.0,25.0,40.0,54.0,,54.0
2016-05-29,5.0,5.0,36.0,52.0,,52.0
2016-05-30,5.0,7.0,32.0,35.0,,35.0
2016-05-31,6.0,14.0,27.0,33.0,,33.0
2016-06-01,5.0,15.0,31.0,21.0,,31.0
2016-06-02,5.0,15.0,26.0,30.0,,30.0
2016-06-03,8.0,28.0,31.0,30.0,,31.0
2016-06-04,6.0,15.0,28.0,16.0,,28.0
2016-06-05,5.0,4.0,28.0,6.0,5.0,28.0
2016-06-06,5.0,6.0,23.0,1.0,,23.0
2016-06-07,5.0,8.0,24.0,0.0,,24.0
2016-06-08,5.0,8.0,27.0,17.0,,27.0
2016-06-09,5.0,6.0,25.0,5.0,,25.0
2016-06-10,5.0,21.0,30.0,25.0,,30.0
2016-06-11,5.0,14.0,31.0,40.0,,40.0
2016-06-12,5.0,9.0,30.0,48.0,,48.0
2016-06-13,5.0,7.0,31.0,37.0,,37.0
2016-06-14,5.0,8.0,30.0,24.0,,30.0
2016-06-15,5.0,8.0,26.0,18.0,,26.0
2016-06-16,5.0,11.0,29.0,4.0,,29.0
2016-06-17,5.0,18.0,24.0,6.0,6.0,24.0
2016-06-18,6.0,25.0,27.0,18.0,,27.0
2016-06-19,8.0,26.0,33.0,19.0,,33.0
2016-06-20,6.0,16.0,25.0,35.0,,35.0
2016-06-21,7.0,18.0,25.0,43.0,,43.0
2016-06-22,5.0,10.0,28.0,39.0,,39.0
2016-06-23,5.0,24.0,23.0,28.0,,28.0
2016-06-24,5.0,11.0,21.0,26.0,,26.0
2016-06-25,6.0,9.0,23.0,54.0,,54.0
2016-06-26,6.0,6.0,23.0,40.0,,40.0
2016-06-27,6.0,14.0,19.0,35.0,,35.0
2016-06-28,5.0,9.0,19.0,42.0,,42.0
2016-06-29,5.0,,20.0,48.0,21.0,48.0
2016-06-30,3.0,,21.0,57.0,,57.0
2016-07-01,2.0,4.0,19.0,51.0,,51.0
2016-07-02,2.0,3.0,18.0,11.0,,18.0
2016-07-03,2.0,2.0,22.0,3.0,,22.0
2016-07-04,2.0,3.0,22.0,13.0,,22.0
2016-07-05,3.0,8.0,24.0,16.0,,24.0
2016-07-06,3.0,8.0,21.0,33.0,,33.0
2016-07-07,3.0,12.0,16.0,11.0,,16.0
2016-07-08,3.0,7.0,15.0,1.0,,15.0
2016-07-09,3.0,3.0,22.0,0.0,,22.0
2016-07-10,3.0,10.0,21.0,20.0,,21.0
2016-07-11,5.0,15.0,19.0,35.0,18.0,35.0
2016-07-12,3.0,7.0,19.0,31.0,,31.0
2016-07-13,5.0,8.0,18.0,39.0,,39.0
2016-07-14,5.0,9.0,20.0,38.0,,38.0
2016-07-15,5.0,8.0,24.0,18.0,,24.0
2016-07-16,3.0,4.0,22.0,21.0,,22.0
2016-07-17,3.0,0.0,18.0,23.0,,23.0
2016-07-18,3.0,7.0,20.0,10.0,,20.0
2016-07-19,3.0,8.0,24.0,9.0,,24.0
2016-07-20,5.0,8.0,19.0,14.0,,19.0
2016-07-21,5.0,8.0,21.0,13.0,,21.0
2016-07-22,5.0,9.0,19.0,15.0,,19.0
2016-07-23,5.0,9.0,20.0,52.0,24.0,52.0
2016-07-24,5.0,3.0,21.0,43.0,,43.0
2016-07-25,5.0,9.0,20.0,20.0,,20.0
2016-07-26,7.0,23.0,22.0,15.0,,23.0
2016-07-27,5.0,,15.0,23.0,,23.0
2016-07-28,5.0,,14.0,10.0,,14.0
2016-07-29,5.0,7.0,15.0,8.0,,15.0
2016-07-30,5.0,5.0,19.0,4.0,,19.0
2016-07-31,3.0,3.0,22.0,8.0,,22.0
2016-08-01,5.0,6.0,26.0,16.0,,26.0
2016-08-02,5.0,7.0,20.0,18.0,,20.0
2016-08-03,3.0,7.0,21.0,46.0,,46.0
2016-08-04,3.0,7.0,20.0,21.0,7.0,21.0
2016-08-05,2.0,8.0,20.0,9.0,,20.0
2016-08-06,2.0,3.0,21.0,42.0,,42.0
2016-08-07,2.0,3.0,19.0,31.0,,31.0
2016-08-08,3.0,7.0,19.0,34.0,,34.0
2016-08-09,3.0,8.0,19.0,33.0,,33.0
2016-08-10,3.0,7.0,20.0,15.0,,20.0
2016-08-11,3.0,8.0,19.0,15.0,,19.0
2016-08-12,3.0,7.0,19.0,12.0,,19.0
2016-08-13,3.0,8.0,19.0,6.0,,19.0
2016-08-14,3.0,5.0,16.0,11.0,,16.0
2016-08-15,3.0,5.0,16.0,10.0,,16.0
2016-08-16,3.0,8.0,19.0,17.0,5.0,19.0
2016-08-17,3.0,7.0,20.0,15.0,,20.0
2016-08-18,5.0,10.0,24.0,14.0,,24.0
2016-08-19,5.0,8.0,30.0,41.0,,41.0
2016-08-20,3.0,5.0,29.0,25.0,,29.0
2016-08-21,3.0,4.0,29.0,17.0,,29.0
2016-08-22,3.0,10.0,27.0,15.0,,27.0
2016-08-23,3.0,8.0,27.0,23.0,,27.0
2016-08-24,3.0,6.0,27.0,22.0,,27.0
2016-08-25,3.0,8.0,24.0,22.0,,24.0
2016-08-26,3.0,5.0,30.0,13.0,,30.0
2016-08-27,3.0,4.0,29.0,33.0,,33.0
2016-08-28,3.0,4.0,33.0,26.0,8.0,33.0
2016-08-29,3.0,7.0,26.0,17.0,,26.0
2016-08-30,3.0,8.0,18.0,12.0,,18.0
2016-08-31,,,16.0,14.0,,16.0
2016-09-01,3.0,6.0,19.0,33.0,,33.0
2016-09-02,3.0,9.0,21.0,50.0,,50.0
2016-09-03,3.0,4.0,26.0,42.0,,42.0
2016-09-04,2.0,7.0,22.0,46.0,,46.0
2016-09-05,3.0,11.0,23.0,51.0,,51.0
2016-09-06,6.0,23.0,20.0,60.0,,60.0
2016-09-07,7.0,25.0,20.0,53.0,,53.0
2016-09-08,5.0,12.0,39.0,34.0,,39.0
2016-09-09,3.0,10.0,33.0,38.0,11.0,38.0
2016-09-10,3.0,6.0,29.0,40.0,,40.0
2016-09-11,3.0,4.0,30.0,33.0,,33.0
2016-09-12,2.0,8.0,28.0,42.0,,42.0
2016-09-13,5.0,28.0,31.0,41.0,,41.0
2016-09-14,6.0,25.0,27.0,30.0,,30.0
2016-09-15,3.0,11.0,31.0,,,31.0
2016-09-16,5.0,10.0,25.0,13.0,,25.0
2016-09-17,5.0,14.0,24.0,10.0,,24.0
2016-09-18,7.0,21.0,23.0,2.0,,23.0
2016-09-19,10.0,32.0,28.0,,,32.0
2016-09-20,3.0,8.0,28.0,,,28.0
2016-09-21,3.0,11.0,28.0,,20.0,28.0
2016-09-22,5.0,13.0,25.0,,,25.0
2016-09-23,7.0,25.0,22.0,,,25.0
2016-09-24,6.0,22.0,21.0,,,22.0
2016-09-25,8.0,42.0,45.0,,,45.0
2016-09-26,9.0,51.0,58.0,,,58.0
2016-09-27,9.0,35.0,20.0,,,35.0
2016-09-28,3.0,11.0,31.0,18.0,,31.0
2016-09-29,3.0,8.0,32.0,43.0,,43.0
2016-09-30,5.0,8.0,31.0,35.0,,35.0
2016-10-01,6.0,17.0,33.0,24.0,,33.0
2016-10-02,3.0,5.0,33.0,24.0,,33.0
2016-10-03,6.0,23.0,29.0,20.0,11.0,29.0
2016-10-04,5.0,21.0,29.0,20.0,,29.0
2016-10-05,6.0,36.0,28.0,28.0,,36.0
2016-10-06,7.0,36.0,25.0,24.0,,36.0
2016-10-07,8.0,38.0,26.0,35.0,,38.0
2016-10-08,10.0,37.0,43.0,35.0,,43.0
2016-10-09,7.0,25.0,36.0,30.0,,36.0
2016-10-10,5.0,14.0,37.0,21.0,,37.0
2016-10-11,5.0,18.0,38.0,21.0,,38.0
2016-10-12,5.0,9.0,27.0,8.0,,27.0
2016-10-13,5.0,9.0,21.0,3.0,,21.0
2016-10-14,5.0,9.0,33.0,0.0,,33.0
2016-10-15,3.0,11.0,31.0,11.0,7.0,31.0
2016-10-16,3.0,11.0,35.0,12.0,,35.0
2016-10-17,5.0,39.0,36.0,28.0,,39.0
2016-10-18,6.0,30.0,28.0,21.0,,30.0
2016-10-19,7.0,28.0,25.0,35.0,,35.0
2016-10-20,10.0,46.0,21.0,31.0,,46.0
2016-10-21,8.0,25.0,20.0,33.0,,33.0
2016-10-22,5.0,19.0,28.0,27.0,,28.0
2016-10-23,3.0,7.0,41.0,25.0,,41.0
2016-10-24,3.0,18.0,30.0,23.0,,30.0
2016-10-25,3.0,15.0,22.0,3.0,,22.0
2016-10-26,5.0,23.0,20.0,6.0,,23.0
2016-10-27,5.0,25.0,12.0,15.0,11.0,25.0
2016-10-28,3.0,19.0,27.0,10.0,,27.0
2016-10-29,5.0,18.0,28.0,7.0,,28.0
2016-10-30,5.0,9.0,37.0,10.0,,37.0
2016-10-31,6.0,26.0,33.0,22.0,,33.0
2016-11-01,5.0,26.0,34.0,33.0,,34.0
2016-11-02,6.0,30.0,24.0,37.0,,37.0
2016-11-03,9.0,36.0,19.0,32.0,,36.0
2016-11-04,9.0,35.0,27.0,55.0,,55.0
2016-11-05,8.0,22.0,21.0,41.0,,41.0
2016-11-06,6.0,22.0,20.0,19.0,,22.0
2016-11-07,9.0,35.0,17.0,29.0,,35.0
2016-11-08,9.0,38.0,26.0,18.0,32.0,38.0
2016-11-09,9.0,32.0,20.0,45.0,,45.0
2016-11-10,10.0,35.0,18.0,45.0,,45.0
2016-11-11,10.0,30.0,26.0,52.0,,52.0
2016-11-12,6.0,13.0,27.0,20.0,,27.0
2016-11-13,6.0,21.0,25.0,43.0,,43.0
2016-11-14,7.0,23.0,25.0,,,25.0
2016-11-15,5.0,25.0,32.0,,,32.0
2016-11-16,,25.0,31.0,48.0,,48.0
2016-11-17,7.0,35.0,20.0,54.0,,54.0
2016-11-18,7.0,31.0,37.0,54.0,,54.0
2016-11-19,5.0,9.0,31.0,42.0,,42.0
2016-11-20,6.0,28.0,27.0,49.0,11.0,49.0
2016-11-21,7.0,39.0,27.0,51.0,,51.0
2016-11-22,7.0,51.0,30.0,52.0,,52.0
2016-11-23,7.0,36.0,29.0,52.0,,52.0
2016-11-24,7.0,31.0,26.0,55.0,,55.0
2016-11-25,8.0,33.0,33.0,60.0,,60.0
2016-11-26,6.0,10.0,36.0,45.0,,45.0
2016-11-27,5.0,11.0,34.0,43.0,,43.0
2016-11-28,5.0,35.0,28.0,48.0,,48.0
2016-11-29,9.0,43.0,20.0,48.0,,48.0
2016-11-30,9.0,26.0,14.0,51.0,,51.0
2016-12-01,10.0,42.0,29.0,43.0,,43.0
2016-12-02,7.0,37.0,25.0,46.0,24.0,46.0
2016-12-03,9.0,31.0,19.0,57.0,,57.0
2016-12-04,11.0,25.0,23.0,55.0,,55.0
2016-12-05,7.0,28.0,18.0,47.0,,47.0
2016-12-06,,,,,,
2016-12-07,,,21.0,,,21.0
2016-12-08,8.0,28.0,14.0,32.0,,32.0
2016-12-09,7.0,28.0,24.0,11.0,,28.0
2016-12-10,6.0,13.0,23.0,8.0,,23.0
2016-12-11,6.0,21.0,20.0,30.0,,30.0
2016-12-12,7.0,29.0,15.0,41.0,,41.0
2016-12-13,8.0,29.0,6.0,59.0,,59.0
2016-12-14,8.0,30.0,19.0,39.0,11.0,39.0
2016-12-15,5.0,10.0,34.0,14.0,,34.0
2016-12-16,5.0,11.0,31.0,43.0,,43.0
2016-12-17,7.0,37.0,25.0,48.0,,48.0
2016-12-18,8.0,34.0,26.0,56.0,,56.0
2016-12-19,7.0,27.0,18.0,,,27.0
2016-12-20,7.0,31.0,13.0,,,31.0
2016-12-21,10.0,40.0,17.0,,,40.0
2016-12-22,11.0,36.0,16.0,,,36.0
2016-12-23,7.0,28.0,32.0,19.0,,32.0
2016-12-24,5.0,27.0,30.0,13.0,,30.0
2016-12-25,7.0,26.0,25.0,37.0,,37.0
2016-12-26,6.0,31.0,24.0,14.0,,31.0
2016-12-27,8.0,55.0,15.0,35.0,,55.0
2016-12-28,8.0,35.0,14.0,40.0,,40.0
2016-12-29,11.0,39.0,14.0,66.0,,66.0
2016-12-30,11.0,34.0,31.0,61.0,,61.0
2016-12-31,6.0,17.0,,23.0,,23.0
2017-01-01,6.0,10.0,35.0,28.0,,35.0
2017-01-02,7.0,32.0,35.0,17.0,,35.0
2017-01-03,7.0,17.0,32.0,9.0,,32.0
2017-01-04,7.0,17.0,24.0,3.0,,24.0
2017-01-05,8.0,31.0,26.0,16.0,,31.0
2017-01-06,8.0,26.0,25.0,23.0,,26.0
2017-01-07,8.0,21.0,28.0,15.0,6.0,28.0
2017-01-08,6.0,5.0,33.0,0.0,,33.0
2017-01-09,8.0,16.0,39.0,2.0,,39.0
2017-01-10,8.0,12.0,40.0,5.0,,40.0
2017-01-11,7.0,25.0,35.0,13.0,,35.0
2017-01-12,8.0,28.0,27.0,17.0,,28.0
2017-01-13,10.0,27.0,17.0,39.0,,39.0
2017-01-14,10.0,24.0,20.0,35.0,,35.0
2017-01-15,9.0,26.0,18.0,57.0,,57.0
2017-01-16,10.0,25.0,16.0,66.0,,66.0
2017-01-17,10.0,33.0,10.0,82.0,,82.0
2017-01-18,10.0,27.0,41.0,56.0,,56.0
2017-01-19,3.0,14.0,33.0,30.0,22.0,33.0
2017-01-20,2.0,34.0,39.0,22.0,,39.0
2017-01-21,2.0,7.0,36.0,25.0,,36.0
2017-01-22,2.0,15.0,36.0,23.0,,36.0
2017-01-23,3.0,36.0,32.0,23.0,,36.0
2017-01-24,5.0,34.0,28.0,27.0,,34.0
2017-01-25,6.0,31.0,30.0,21.0,,31.0
2017-01-26,,35.0,22.0,41.0,,41.0
2017-01-27,7.0,33.0,24.0,33.0,,33.0
2017-01-28,6.0,30.0,24.0,51.0,,51.0
2017-01-29,7.0,33.0,25.0,47.0,,47.0
2017-01-30,8.0,42.0,19.0,57.0,,57.0
2017-01-31,8.0,38.0,17.0,80.0,38.0,80.0
2017-02-01,7.0,32.0,21.0,78.0,,78.0
2017-02-02,5.0,22.0,31.0,18.0,,31.0
2017-02-03,3.0,7.0,38.0,12.0,,38.0
2017-02-04,3.0,16.0,35.0,19.0,,35.0
2017-02-05,3.0,16.0,38.0,16.0,,38.0
2017-02-06,3.0,11.0,37.0,16.0,,37.0
2017-02-07,5.0,25.0,21.0,17.0,,25.0
2017-02-08,5.0,24.0,17.0,12.0,,24.0
2017-02-09,2.0,8.0,38.0,5.0,,38.0
2017-02-10,3.0,19.0,34.0,13.0,,34.0
2017-02-11,3.0,23.0,27.0,20.0,,27.0
2017-02-12,6.0,23.0,26.0,30.0,18.0,30.0
2017-02-13,6.0,30.0,13.0,46.0,,46.0
2017-02-14,6.0,31.0,26.0,51.0,,51.0
2017-02-15,7.0,31.0,33.0,46.0,,46.0
2017-02-16,3.0,21.0,40.0,33.0,,40.0
2017-02-17,5.0,21.0,33.0,18.0,,33.0
2017-02-18,3.0,11.0,39.0,15.0,,39.0
2017-02-19,1.0,6.0,34.0,15.0,,34.0
2017-02-20,2.0,13.0,44.0,22.0,,44.0
2017-02-21,2.0,14.0,37.0,30.0,,37.0
2017-02-22,5.0,40.0,37.0,17.0,,40.0
2017-02-23,3.0,27.0,35.0,22.0,,35.0
2017-02-24,5.0,51.0,35.0,21.0,11.0,51.0
2017-02-25,3.0,19.0,38.0,23.0,,38.0
2017-02-26,2.0,22.0,36.0,25.0,,36.0
2017-02-27,2.0,29.0,33.0,18.0,,33.0
2017-02-28,1.0,29.0,34.0,22.0,,34.0
2017-03-01,,35.0,26.0,24.0,,35.0
2017-03-02,7.0,34.0,26.0,41.0,,41.0
2017-03-03,7.0,26.0,36.0,32.0,,36.0
2017-03-04,5.0,8.0,44.0,6.0,,44.0
2017-03-05,5.0,14.0,42.0,18.0,,42.0
2017-03-06,6.0,30.0,33.0,23.0,,33.0
2017-03-07,8.0,50.0,31.0,31.0,,50.0
2017-03-08,5.0,34.0,31.0,20.0,14.0,34.0
2017-03-09,7.0,38.0,20.0,28.0,,38.0
2017-03-10,7.0,23.0,16.0,20.0,,23.0
2017-03-11,8.0,20.0,30.0,27.0,,30.0
2017-03-12,7.0,21.0,24.0,28.0,,28.0
2017-03-13,8.0,37.0,29.0,42.0,,42.0
2017-03-14,,,38.0,42.0,,42.0
2017-03-15,3.0,10.0,22.0,17.0,,22.0
2017-03-16,3.0,16.0,29.0,11.0,,29.0
2017-03-17,7.0,34.0,32.0,37.0,,37.0
2017-03-18,3.0,17.0,31.0,22.0,,31.0
2017-03-19,3.0,12.0,31.0,23.0,,31.0
2017-03-20,3.0,18.0,24.0,32.0,21.0,32.0
2017-03-21,3.0,11.0,39.0,24.0,,39.0
2017-03-22,5.0,12.0,40.0,20.0,,40.0
2017-03-23,6.0,25.0,39.0,25.0,,39.0
2017-03-24,5.0,22.0,38.0,24.0,,38.0
2017-03-25,5.0,19.0,38.0,28.0,,38.0
2017-03-26,3.0,7.0,40.0,17.0,,40.0
2017-03-27,3.0,25.0,35.0,29.0,,35.0
2017-03-28,5.0,32.0,37.0,39.0,,39.0
2017-03-29,6.0,38.0,32.0,55.0,,55.0
2017-03-30,,8.0,34.0,48.0,,48.0
2017-03-31,5.0,17.0,37.0,35.0,,37.0
2017-04-01,3.0,28.0,36.0,43.0,27.0,43.0
2017-04-02,2.0,10.0,31.0,56.0,,56.0
2017-04-03,5.0,42.0,34.0,54.0,,54.0
2017-04-04,,20.0,36.0,39.0,,39.0
2017-04-05,,42.0,50.0,32.0,,50.0
2017-04-06,0.0,48.0,48.0,32.0,,48.0
2017-04-07,,18.0,40.0,35.0,,40.0
2017-04-08,2.0,23.0,44.0,13.0,,44.0
2017-04-09,3.0,21.0,39.0,21.0,,39.0
2017-04-10,3.0,25.0,36.0,26.0,,36.0
2017-04-11,5.0,36.0,38.0,25.0,,38.0
2017-04-12,3.0,14.0,41.0,0.0,,41.0
2017-04-13,3.0,19.0,43.0,18.0,9.0,43.0
2017-04-14,3.0,24.0,34.0,21.0,,34.0
2017-04-15,5.0,22.0,32.0,30.0,,32.0
2017-04-16,5.0,21.0,38.0,25.0,,38.0
2017-04-17,5.0,22.0,31.0,11.0,,31.0
2017-04-18,3.0,19.0,36.0,14.0,,36.0
2017-04-19,5.0,27.0,34.0,24.0,,34.0
2017-04-20,5.0,24.0,40.0,25.0,,40.0
2017-04-21,5.0,29.0,32.0,33.0,,33.0
2017-04-22,3.0,14.0,35.0,17.0,,35.0
2017-04-23,3.0,6.0,37.0,16.0,,37.0
2017-04-24,3.0,13.0,37.0,16.0,,37.0
2017-04-25,3.0,10.0,36.0,18.0,12.0,36.0
2017-04-26,5.0,10.0,30.0,8.0,,30.0
2017-04-27,5.0,36.0,37.0,36.0,,37.0
2017-04-28,5.0,41.0,34.0,39.0,,41.0
2017-04-29,5.0,14.0,37.0,34.0,,37.0
2017-04-30,3.0,10.0,30.0,47.0,,47.0
2017-05-01,7.0,34.0,32.0,47.0,,47.0
2017-05-02,6.0,26.0,20.0,40.0,,40.0
2017-05-03,8.0,36.0,19.0,41.0,,41.0
2017-05-04,3.0,12.0,20.0,13.0,,20.0
2017-05-05,3.0,7.0,37.0,27.0,,37.0
2017-05-06,3.0,8.0,32.0,48.0,,48.0
2017-05-07,3.0,8.0,31.0,59.0,35.0,59.0
2017-05-08,5.0,14.0,29.0,62.0,,62.0
2017-05-09,5.0,28.0,35.0,60.0,,60.0
2017-05-10,,,,33.0,,33.0
2017-05-11,5.0,9.0,31.0,18.0,,31.0
2017-05-12,3.0,12.0,31.0,15.0,,31.0
2017-05-13,3.0,7.0,31.0,19.0,,31.0
2017-05-14,3.0,15.0,30.0,36.0,,36.0
2017-05-15,5.0,29.0,34.0,41.0,,41.0
2017-05-16,,,,17.0,,17.0
2017-05-17,3.0,14.0,30.0,28.0,,30.0
2017-05-18,5.0,34.0,24.0,48.0,,48.0
2017-05-19,6.0,38.0,28.0,55.0,30.0,55.0
2017-05-20,3.0,16.0,27.0,30.0,,30.0
2017-05-21,3.0,8.0,26.0,41.0,,41.0
2017-05-22,3.0,8.0,27.0,24.0,,27.0
2017-05-23,3.0,8.0,29.0,12.0,,29.0
2017-05-24,3.0,9.0,32.0,18.0,,32.0
2017-05-25,3.0,14.0,32.0,24.0,,32.0
2017-05-26,3.0,8.0,31.0,22.0,,31.0
2017-05-27,2.0,4.0,30.0,17.0,,30.0
2017-05-28,2.0,3.0,28.0,21.0,,28.0
2017-05-29,2.0,3.0,29.0,22.0,,29.0
2017-05-30,3.0,6.0,28.0,26.0,,28.0
2017-05-31,3.0,12.0,23.0,11.0,5.0,23.0
2017-06-01,3.0,9.0,20.0,14.0,,20.0
2017-06-02,3.0,7.0,22.0,30.0,,30.0
2017-06-03,2.0,4.0,30.0,34.0,,34.0
2017-06-04,2.0,5.0,32.0,45.0,,45.0
2017-06-05,3.0,13.0,29.0,55.0,,55.0
2017-06-06,3.0,6.0,26.0,48.0,,48.0
2017-06-07,3.0,6.0,23.0,30.0,,30.0
2017-06-08,5.0,17.0,18.0,19.0,,19.0
2017-06-09,3.0,15.0,29.0,15.0,,29.0
2017-06-10,3.0,5.0,27.0,23.0,,27.0
2017-06-11,3.0,5.0,25.0,33.0,,33.0
2017-06-12,3.0,12.0,20.0,50.0,,50.0
2017-06-13,5.0,17.0,23.0,50.0,19.0,50.0
2017-06-14,5.0,15.0,26.0,49.0,,49.0
2017-06-15,5.0,17.0,18.0,26.0,,26.0
2017-06-16,5.0,16.0,20.0,30.0,,30.0
2017-06-17,5.0,22.0,20.0,49.0,,49.0
2017-06-18,7.0,21.0,31.0,58.0,,58.0
2017-06-19,5.0,11.0,16.0,49.0,,49.0
2017-06-20,5.0,7.0,16.0,48.0,,48.0
2017-06-21,5.0,8.0,19.0,47.0,,47.0
2017-06-22,6.0,10.0,22.0,48.0,,48.0
2017-06-23,5.0,7.0,22.0,5.0,,22.0
2017-06-24,3.0,4.0,21.0,2.0,3.0,21.0
2017-06-25,3.0,4.0,22.0,0.0,,22.0
2017-06-26,5.0,8.0,20.0,0.0,,20.0
2017-06-27,3.0,5.0,21.0,10.0,,21.0
2017-06-28,3.0,8.0,22.0,33.0,,33.0
2017-06-29,5.0,9.0,22.0,48.0,,48.0
2017-06-30,5.0,13.0,21.0,41.0,,41.0
2017-07-01,5.0,4.0,22.0,40.0,,40.0
2017-07-02,5.0,2.0,21.0,16.0,,21.0
2017-07-03,5.0,6.0,23.0,11.0,,23.0
2017-07-04,5.0,3.0,26.0,15.0,,26.0
2017-07-05,5.0,11.0,20.0,7.0,,20.0
2017-07-06,6.0,13.0,19.0,22.0,16.0,22.0
2017-07-07,7.0,23.0,19.0,33.0,,33.0
2017-07-08,7.0,18.0,20.0,53.0,,53.0
2017-07-09,5.0,3.0,19.0,28.0,,28.0
2017-07-10,5.0,6.0,19.0,37.0,,37.0
2017-07-11,5.0,6.0,23.0,52.0,,52.0
2017-07-12,5.0,6.0,20.0,46.0,,46.0
2017-07-13,6.0,11.0,18.0,27.0,,27.0
2017-07-14,6.0,12.0,19.0,30.0,,30.0
2017-07-15,6.0,14.0,19.0,48.0,,48.0
2017-07-16,7.0,17.0,19.0,56.0,,56.0
2017-07-17,6.0,8.0,19.0,56.0,,56.0
2017-07-18,5.0,7.0,17.0,40.0,18.0,40.0
2017-07-19,6.0,14.0,16.0,38.0,,38.0
2017-07-20,5.0,9.0,14.0,34.0,,34.0
2017-07-21,6.0,10.0,15.0,36.0,,36.0
2017-07-22,6.0,9.0,19.0,48.0,,48.0
2017-07-23,6.0,8.0,12.0,13.0,,13.0
2017-07-24,6.0,8.0,19.0,15.0,,19.0
2017-07-25,6.0,11.0,20.0,20.0,,20.0
2017-07-26,6.0,8.0,21.0,11.0,,21.0
2017-07-27,6.0,15.0,14.0,13.0,,15.0
2017-07-28,6.0,9.0,17.0,36.0,,36.0
2017-07-29,5.0,4.0,18.0,35.0,,35.0
2017-07-30,6.0,4.0,19.0,,6.0,19.0
2017-07-31,6.0,9.0,19.0,,,19.0
2017-08-01,7.0,16.0,18.0,9.0,,18.0
2017-08-02,7.0,17.0,19.0,10.0,,19.0
2017-08-03,9.0,31.0,18.0,29.0,,31.0
2017-08-04,7.0,14.0,18.0,15.0,,18.0
2017-08-05,6.0,3.0,20.0,0.0,,20.0
2017-08-06,6.0,6.0,24.0,40.0,,40.0
2017-08-07,6.0,8.0,26.0,38.0,,38.0
2017-08-08,7.0,8.0,21.0,15.0,,21.0
2017-08-09,6.0,7.0,19.0,25.0,,25.0
2017-08-10,6.0,9.0,23.0,35.0,,35.0
2017-08-11,7.0,16.0,24.0,33.0,11.0,33.0
2017-08-12,6.0,4.0,20.0,38.0,,38.0
2017-08-13,6.0,2.0,16.0,10.0,,16.0
2017-08-14,6.0,6.0,19.0,40.0,,40.0
2017-08-15,6.0,7.0,20.0,40.0,,40.0
2017-08-16,6.0,9.0,20.0,40.0,,40.0
2017-08-17,7.0,9.0,20.0,40.0,,40.0
2017-08-18,6.0,10.0,23.0,38.0,,38.0
2017-08-19,6.0,4.0,22.0,30.0,,30.0
2017-08-20,6.0,4.0,27.0,48.0,,48.0
2017-08-21,7.0,7.0,26.0,35.0,,35.0
2017-08-22,7.0,7.0,31.0,54.0,,54.0
2017-08-23,7.0,8.0,19.0,52.0,15.0,52.0
2017-08-24,6.0,9.0,23.0,30.0,,30.0
2017-08-25,6.0,8.0,19.0,51.0,,51.0
2017-08-26,8.0,21.0,29.0,48.0,,48.0
2017-08-27,7.0,11.0,24.0,52.0,,52.0
2017-08-28,7.0,12.0,28.0,52.0,,52.0
2017-08-29,7.0,7.0,22.0,40.0,,40.0
2017-08-30,6.0,8.0,15.0,29.0,,29.0
2017-08-31,11.0,41.0,23.0,69.0,,69.0
2017-09-01,,45.0,,125.0,,125.0
2017-09-02,,42.0,,103.0,,103.0
2017-09-03,11.0,38.0,38.0,136.0,,136.0
2017-09-04,11.0,15.0,31.0,125.0,48.0,125.0
2017-09-05,7.0,18.0,25.0,53.0,,53.0
2017-09-06,7.0,17.0,22.0,45.0,,45.0
2017-09-07,7.0,8.0,20.0,52.0,,52.0
2017-09-08,7.0,8.0,22.0,26.0,,26.0
2017-09-09,7.0,7.0,21.0,39.0,,39.0
2017-09-10,8.0,21.0,39.0,54.0,,54.0
2017-09-11,7.0,24.0,29.0,54.0,,54.0
2017-09-12,8.0,25.0,29.0,45.0,,45.0
2017-09-13,7.0,8.0,24.0,17.0,,24.0
2017-09-14,3.0,10.0,23.0,43.0,,43.0
2017-09-15,3.0,15.0,24.0,34.0,,34.0
2017-09-16,3.0,8.0,27.0,56.0,20.0,56.0
2017-09-17,3.0,5.0,23.0,40.0,,40.0
2017-09-18,3.0,7.0,28.0,15.0,,28.0
2017-09-19,3.0,23.0,24.0,30.0,,30.0
2017-09-20,3.0,10.0,28.0,25.0,,28.0
2017-09-21,3.0,14.0,25.0,24.0,,25.0
2017-09-22,5.0,16.0,21.0,22.0,,22.0
2017-09-23,6.0,22.0,26.0,36.0,,36.0
2017-09-24,7.0,24.0,26.0,47.0,,47.0
2017-09-25,7.0,64.0,22.0,55.0,,64.0
2017-09-26,9.0,41.0,29.0,52.0,,52.0
2017-09-27,9.0,45.0,42.0,58.0,,58.0
2017-09-28,6.0,36.0,23.0,35.0,,36.0
2017-09-29,3.0,8.0,23.0,24.0,11.0,24.0
2017-09-30,3.0,13.0,22.0,45.0,,45.0
2017-10-01,,28.0,25.0,52.0,,52.0
2017-10-02,6.0,35.0,26.0,45.0,,45.0
2017-10-03,3.0,24.0,22.0,43.0,,43.0
2017-10-04,7.0,30.0,22.0,34.0,,34.0
2017-10-05,8.0,34.0,23.0,31.0,,34.0
2017-10-06,9.0,46.0,23.0,50.0,,50.0
2017-10-07,6.0,26.0,23.0,56.0,,56.0
2017-10-08,5.0,25.0,28.0,57.0,,57.0
2017-10-09,11.0,44.0,34.0,100.0,,100.0
2017-10-10,16.0,49.0,28.0,127.0,61.0,127.0
2017-10-11,7.0,28.0,20.0,78.0,,78.0
2017-10-12,14.0,48.0,27.0,136.0,,136.0
2017-10-13,11.0,46.0,27.0,98.0,,98.0
2017-10-14,9.0,34.0,31.0,69.0,,69.0
2017-10-15,9.0,44.0,31.0,40.0,,44.0
2017-10-16,13.0,52.0,31.0,74.0,,74.0
2017-10-17,15.0,71.0,22.0,91.0,,91.0
2017-10-18,6.0,27.0,21.0,34.0,,34.0
2017-10-19,5.0,10.0,25.0,0.0,,25.0
2017-10-20,6.0,30.0,24.0,19.0,,30.0
2017-10-21,7.0,27.0,21.0,20.0,,27.0
2017-10-22,9.0,28.0,19.0,19.0,16.0,28.0
2017-10-23,13.0,54.0,18.0,30.0,,54.0
2017-10-24,14.0,56.0,24.0,30.0,,56.0
2017-10-25,13.0,63.0,43.0,44.0,,63.0
2017-10-26,13.0,54.0,39.0,54.0,,54.0
2017-10-27,11.0,47.0,30.0,,,47.0
2017-10-28,6.0,15.0,27.0,,,27.0
2017-10-29,6.0,7.0,34.0,,,34.0
2017-10-30,6.0,13.0,33.0,,,33.0
2017-10-31,7.0,30.0,30.0,,,30.0
2017-11-01,7.0,51.0,31.0,47.0,,51.0
2017-11-02,6.0,47.0,31.0,51.0,,51.0
2017-11-03,5.0,26.0,32.0,35.0,,35.0
2017-11-04,3.0,8.0,34.0,21.0,16.0,34.0
2017-11-05,3.0,12.0,34.0,16.0,,34.0
2017-11-06,6.0,37.0,31.0,20.0,,37.0
2017-11-07,8.0,47.0,28.0,39.0,,47.0
2017-11-08,7.0,37.0,33.0,34.0,,37.0
2017-11-09,5.0,33.0,34.0,16.0,,34.0
2017-11-10,5.0,36.0,29.0,26.0,,36.0
2017-11-11,3.0,18.0,28.0,31.0,,31.0
2017-11-12,6.0,29.0,29.0,26.0,,29.0
2017-11-13,6.0,20.0,26.0,21.0,,26.0
2017-11-14,,57.0,,33.0,,57.0
2017-11-15,5.0,23.0,31.0,27.0,12.0,31.0
2017-11-16,5.0,16.0,34.0,23.0,,34.0
2017-11-17,6.0,33.0,30.0,28.0,,33.0
2017-11-18,8.0,37.0,21.0,46.0,,46.0
2017-11-19,9.0,30.0,23.0,58.0,,58.0
2017-11-20,8.0,39.0,7.0,75.0,,75.0
2017-11-21,7.0,26.0,16.0,59.0,,59.0
2017-11-22,9.0,35.0,13.0,69.0,,69.0
2017-11-23,7.0,21.0,11.0,55.0,,55.0
2017-11-24,6.0,25.0,16.0,19.0,,25.0
2017-11-25,7.0,35.0,18.0,43.0,,43.0
2017-11-26,,18.0,,13.0,,18.0
2017-11-27,,32.0,37.0,30.0,14.0,37.0
2017-11-28,,,,41.0,,41.0
2017-11-29,7.0,49.0,15.0,47.0,,49.0
2017-11-30,7.0,38.0,14.0,47.0,,47.0
2017-12-01,9.0,30.0,12.0,57.0,,57.0
2017-12-02,8.0,23.0,31.0,63.0,,63.0
2017-12-03,3.0,15.0,31.0,27.0,,31.0
2017-12-04,3.0,21.0,29.0,24.0,,29.0
2017-12-05,7.0,53.0,23.0,34.0,,53.0
2017-12-06,7.0,40.0,22.0,55.0,,55.0
2017-12-07,9.0,56.0,18.0,60.0,,60.0
2017-12-08,11.0,50.0,19.0,75.0,,75.0
2017-12-09,11.0,40.0,16.0,77.0,30.0,77.0
2017-12-10,7.0,36.0,19.0,60.0,,60.0
2017-12-11,8.0,64.0,7.0,61.0,,64.0
2017-12-12,10.0,45.0,9.0,64.0,,64.0
2017-12-13,10.0,39.0,11.0,77.0,,77.0
2017-12-14,8.0,48.0,13.0,80.0,,80.0
2017-12-15,8.0,55.0,16.0,116.0,,116.0
2017-12-16,6.0,26.0,33.0,33.0,,33.0
2017-12-17,7.0,39.0,28.0,27.0,,39.0
2017-12-18,9.0,50.0,19.0,73.0,,73.0
2017-12-19,9.0,42.0,30.0,62.0,,62.0
2017-12-20,3.0,13.0,30.0,19.0,,30.0
2017-12-21,6.0,36.0,24.0,32.0,10.0,36.0
2017-12-22,8.0,34.0,16.0,78.0,,78.0
2017-12-23,7.0,29.0,19.0,80.0,,80.0
2017-12-24,6.0,35.0,12.0,67.0,,67.0
2017-12-25,6.0,32.0,18.0,66.0,,66.0
2017-12-26,8.0,33.0,19.0,56.0,,56.0
2017-12-27,9.0,38.0,6.0,64.0,,64.0
2017-12-28,10.0,33.0,7.0,61.0,,61.0
2017-12-29,7.0,36.0,12.0,73.0,,73.0
2017-12-30,10.0,38.0,14.0,70.0,,70.0
2017-12-31,11.0,34.0,,66.0,,66.0
2018-01-01,8.0,41.0,13.0,72.0,,72.0
2018-01-02,9.0,42.0,8.0,82.0,37.0,82.0
2018-01-03,10.0,42.0,5.0,111.0,,111.0
2018-01-04,9.0,27.0,17.0,58.0,,58.0
2018-01-05,7.0,26.0,25.0,22.0,,26.0
2018-01-06,8.0,27.0,23.0,34.0,,34.0
2018-01-07,8.0,23.0,7.0,52.0,,52.0
2018-01-08,8.0,24.0,3.0,38.0,,38.0
2018-01-09,7.0,20.0,27.0,18.0,,27.0
2018-01-10,5.0,26.0,22.0,32.0,,32.0
2018-01-11,6.0,26.0,14.0,56.0,,56.0
2018-01-12,8.0,28.0,13.0,54.0,,54.0
2018-01-13,8.0,35.0,16.0,55.0,,55.0
2018-01-14,5.0,25.0,11.0,72.0,24.0,72.0
2018-01-15,6.0,28.0,13.0,80.0,,80.0
2018-01-16,8.0,31.0,6.0,69.0,,69.0
2018-01-17,6.0,25.0,10.0,76.0,,76.0
2018-01-18,6.0,22.0,30.0,68.0,,68.0
2018-01-19,5.0,29.0,28.0,31.0,,31.0
2018-01-20,5.0,30.0,25.0,39.0,,39.0
2018-01-21,7.0,26.0,28.0,45.0,,45.0
2018-01-22,5.0,18.0,29.0,19.0,,29.0
2018-01-23,7.0,33.0,19.0,42.0,,42.0
2018-01-24,7.0,24.0,31.0,41.0,,41.0
2018-01-25,6.0,39.0,31.0,33.0,,39.0
2018-01-26,7.0,37.0,25.0,40.0,17.0,40.0
2018-01-27,6.0,26.0,23.0,31.0,,31.0
2018-01-28,6.0,31.0,19.0,21.0,,31.0
2018-01-29,7.0,40.0,12.0,61.0,,61.0
2018-01-30,8.0,29.0,13.0,53.0,,53.0
2018-01-31,9.0,32.0,11.0,62.0,,62.0
2018-02-01,11.0,42.0,16.0,55.0,,55.0
2018-02-02,13.0,49.0,13.0,53.0,,53.0
2018-02-03,11.0,42.0,25.0,52.0,,52.0
2018-02-04,13.0,35.0,19.0,46.0,,46.0
2018-02-05,11.0,39.0,13.0,59.0,,59.0
2018-02-06,9.0,42.0,31.0,32.0,,42.0
2018-02-07,9.0,47.0,28.0,58.0,32.0,58.0
2018-02-08,9.0,61.0,24.0,82.0,,82.0
2018-02-09,10.0,53.0,20.0,58.0,,58.0
2018-02-10,6.0,37.0,31.0,38.0,,38.0
2018-02-11,6.0,29.0,31.0,36.0,,36.0
2018-02-12,6.0,20.0,27.0,23.0,,27.0
2018-02-13,8.0,40.0,26.0,28.0,,40.0
2018-02-14,9.0,47.0,30.0,44.0,,47.0
2018-02-15,7.0,45.0,30.0,35.0,,45.0
2018-02-16,8.0,39.0,21.0,54.0,,54.0
2018-02-17,9.0,32.0,27.0,48.0,,48.0
2018-02-18,5.0,5.0,36.0,,,36.0
2018-02-19,5.0,8.0,32.0,,8.0,32.0
2018-02-20,6.0,26.0,29.0,,,29.0
2018-02-21,6.0,32.0,30.0,35.0,,35.0
2018-02-22,6.0,9.0,31.0,29.0,,31.0
2018-02-23,5.0,46.0,28.0,30.0,,46.0
2018-02-24,5.0,30.0,31.0,34.0,,34.0
2018-02-25,3.0,25.0,32.0,30.0,,32.0
2018-02-26,3.0,13.0,31.0,23.0,,31.0
2018-02-27,3.0,25.0,31.0,22.0,,31.0
2018-02-28,3.0,23.0,26.0,31.0,,31.0
2018-03-01,2.0,10.0,34.0,21.0,,34.0
2018-03-02,3.0,34.0,31.0,21.0,,34.0
2018-03-03,3.0,25.0,33.0,25.0,6.0,33.0
2018-03-04,3.0,26.0,31.0,20.0,,31.0
2018-03-05,3.0,30.0,27.0,19.0,,30.0
2018-03-06,6.0,56.0,26.0,33.0,,56.0
2018-03-07,6.0,42.0,37.0,39.0,,42.0
2018-03-08,5.0,27.0,23.0,20.0,,27.0
2018-03-09,5.0,27.0,21.0,10.0,,27.0
2018-03-10,5.0,22.0,16.0,16.0,,22.0
2018-03-11,5.0,17.0,25.0,45.0,,45.0
2018-03-12,6.0,31.0,19.0,18.0,,31.0
2018-03-13,3.0,13.0,32.0,3.0,,32.0
2018-03-14,5.0,35.0,33.0,7.0,,35.0
2018-03-15,6.0,57.0,31.0,19.0,11.0,57.0
2018-03-16,3.0,40.0,31.0,23.0,,40.0
2018-03-17,3.0,43.0,30.0,23.0,,43.0
2018-03-18,5.0,32.0,22.0,35.0,,35.0
2018-03-19,5.0,26.0,20.0,36.0,,36.0
2018-03-20,6.0,37.0,22.0,31.0,,37.0
2018-03-21,5.0,25.0,28.0,8.0,,28.0
2018-03-22,3.0,9.0,33.0,14.0,,33.0
2018-03-23,5.0,42.0,31.0,29.0,,42.0
2018-03-24,3.0,17.0,34.0,31.0,,34.0
2018-03-25,5.0,24.0,31.0,26.0,,31.0
2018-03-26,6.0,37.0,25.0,30.0,,37.0
2018-03-27,6.0,41.0,24.0,44.0,21.0,44.0
2018-03-28,6.0,29.0,31.0,55.0,,55.0
2018-03-29,8.0,40.0,35.0,55.0,,55.0
2018-03-30,8.0,36.0,34.0,53.0,,53.0
2018-03-31,5.0,13.0,28.0,42.0,,42.0
2018-04-01,5.0,14.0,37.0,54.0,,54.0
2018-04-02,5.0,13.0,36.0,51.0,,51.0
2018-04-03,5.0,20.0,33.0,53.0,,53.0
2018-04-04,5.0,13.0,39.0,32.0,,39.0
2018-04-05,5.0,15.0,31.0,30.0,,31.0
2018-04-06,5.0,12.0,18.0,3.0,,18.0
2018-04-07,5.0,8.0,37.0,34.0,,37.0
2018-04-08,5.0,24.0,39.0,45.0,22.0,45.0
2018-04-09,7.0,39.0,32.0,50.0,,50.0
2018-04-10,3.0,22.0,39.0,29.0,,39.0
2018-04-11,5.0,11.0,44.0,18.0,,44.0
2018-04-12,3.0,15.0,44.0,32.0,,44.0
2018-04-13,3.0,23.0,35.0,37.0,,37.0
2018-04-14,6.0,28.0,42.0,53.0,,53.0
2018-04-15,3.0,6.0,41.0,31.0,,41.0
2018-04-16,5.0,27.0,41.0,22.0,,41.0
2018-04-17,5.0,34.0,,24.0,,34.0
2018-04-18,6.0,31.0,36.0,18.0,,36.0
2018-04-19,5.0,43.0,32.0,28.0,,43.0
2018-04-20,5.0,34.0,38.0,,27.0,38.0
2018-04-21,5.0,17.0,33.0,,,33.0
2018-04-22,5.0,18.0,32.0,,,32.0
2018-04-23,6.0,25.0,34.0,,,34.0
2018-04-24,5.0,20.0,35.0,30.0,,35.0
2018-04-25,5.0,16.0,37.0,23.0,,37.0
2018-04-26,5.0,15.0,40.0,20.0,,40.0
2018-04-27,5.0,9.0,39.0,11.0,,39.0
2018-04-28,3.0,10.0,44.0,0.0,,44.0
2018-04-29,3.0,5.0,40.0,0.0,,40.0
2018-04-30,5.0,19.0,38.0,16.0,,38.0
2018-05-01,5.0,21.0,37.0,35.0,,37.0
2018-05-02,3.0,29.0,36.0,33.0,21.0,36.0
2018-05-03,2.0,12.0,36.0,10.0,,36.0
2018-05-04,2.0,11.0,31.0,10.0,,31.0
2018-05-05,2.0,6.0,37.0,18.0,,37.0
2018-05-06,2.0,6.0,33.0,0.0,,33.0
2018-05-07,3.0,39.0,29.0,0.0,,39.0
2018-05-08,2.0,18.0,27.0,0.0,,27.0
2018-05-09,2.0,9.0,36.0,6.0,,36.0
2018-05-10,5.0,,33.0,30.0,,33.0
2018-05-11,3.0,24.0,31.0,35.0,,35.0
2018-05-12,3.0,19.0,38.0,34.0,,38.0
2018-05-13,2.0,5.0,36.0,11.0,,36.0
2018-05-14,3.0,8.0,31.0,0.0,6.0,31.0
2018-05-15,2.0,10.0,31.0,0.0,,31.0
2018-05-16,3.0,13.0,28.0,0.0,,28.0
2018-05-17,2.0,10.0,29.0,4.0,,29.0
2018-05-18,2.0,6.0,31.0,3.0,,31.0
2018-05-19,2.0,3.0,38.0,27.0,,38.0
2018-05-20,2.0,6.0,36.0,23.0,,36.0
2018-05-21,5.0,17.0,31.0,23.0,,31.0
2018-05-22,3.0,9.0,30.0,16.0,,30.0
2018-05-23,3.0,12.0,31.0,0.0,,31.0
2018-05-24,3.0,13.0,31.0,1.0,,31.0
2018-05-25,3.0,9.0,30.0,0.0,,30.0
2018-05-26,2.0,9.0,26.0,4.0,15.0,26.0
2018-05-27,3.0,13.0,27.0,24.0,,27.0
2018-05-28,3.0,13.0,31.0,41.0,,41.0
2018-05-29,3.0,15.0,31.0,58.0,,58.0
2018-05-30,3.0,8.0,31.0,41.0,,41.0
2018-05-31,3.0,10.0,29.0,20.0,,29.0
2018-06-01,3.0,17.0,27.0,15.0,,27.0
2018-06-02,5.0,22.0,26.0,39.0,,39.0
2018-06-03,2.0,8.0,31.0,33.0,,33.0
2018-06-04,3.0,11.0,31.0,42.0,,42.0
2018-06-05,2.0,12.0,30.0,34.0,,34.0
2018-06-06,3.0,8.0,32.0,15.0,,32.0
2018-06-07,3.0,9.0,35.0,19.0,19.0,35.0
2018-06-08,3.0,8.0,28.0,5.0,,28.0
2018-06-09,3.0,6.0,31.0,0.0,,31.0
2018-06-10,3.0,12.0,28.0,16.0,,28.0
2018-06-11,3.0,16.0,20.0,18.0,,20.0
2018-06-12,5.0,17.0,28.0,37.0,,37.0
2018-06-13,3.0,15.0,24.0,32.0,,32.0
2018-06-14,2.0,9.0,23.0,33.0,,33.0
2018-06-15,2.0,5.0,26.0,36.0,,36.0
2018-06-16,2.0,15.0,30.0,27.0,,30.0
2018-06-17,2.0,4.0,30.0,21.0,,30.0
2018-06-18,2.0,8.0,34.0,8.0,,34.0
2018-06-19,2.0,8.0,26.0,0.0,14.0,26.0
2018-06-20,3.0,8.0,24.0,4.0,,24.0
2018-06-21,2.0,7.0,22.0,10.0,,22.0
2018-06-22,3.0,12.0,20.0,41.0,,41.0
2018-06-23,5.0,17.0,24.0,56.0,,56.0
2018-06-24,2.0,9.0,32.0,38.0,,38.0
2018-06-25,2.0,14.0,30.0,27.0,,30.0
2018-06-26,2.0,8.0,28.0,50.0,,50.0
2018-06-27,3.0,7.0,28.0,52.0,,52.0
2018-06-28,3.0,8.0,28.0,56.0,,56.0
2018-06-29,3.0,13.0,27.0,54.0,,54.0
2018-06-30,5.0,18.0,29.0,50.0,,50.0
2018-07-01,2.0,5.0,27.0,20.0,32.0,32.0
2018-07-02,2.0,8.0,29.0,16.0,,29.0
2018-07-03,2.0,15.0,27.0,58.0,,58.0
2018-07-04,2.0,4.0,29.0,44.0,,44.0
2018-07-05,2.0,11.0,24.0,36.0,,36.0
2018-07-06,5.0,20.0,16.0,26.0,,26.0
2018-07-07,2.0,12.0,20.0,30.0,,30.0
2018-07-08,2.0,4.0,21.0,42.0,,42.0
2018-07-09,2.0,8.0,22.0,38.0,,38.0
2018-07-10,2.0,10.0,19.0,35.0,,35.0
2018-07-11,2.0,6.0,20.0,20.0,,20.0
2018-07-12,2.0,18.0,23.0,23.0,,23.0
2018-07-13,2.0,8.0,20.0,16.0,8.0,20.0
2018-07-14,2.0,8.0,22.0,10.0,,22.0
2018-07-15,2.0,6.0,24.0,27.0,,27.0
2018-07-16,2.0,8.0,26.0,24.0,,26.0
2018-07-17,2.0,9.0,22.0,21.0,,22.0
2018-07-18,2.0,8.0,21.0,28.0,,28.0
2018-07-19,1.0,7.0,19.0,28.0,,28.0
2018-07-20,1.0,13.0,21.0,26.0,,26.0
2018-07-21,0.0,5.0,19.0,14.0,,19.0
2018-07-22,0.0,7.0,23.0,21.0,,23.0
2018-07-23,0.0,7.0,27.0,35.0,,35.0
2018-07-24,1.0,8.0,24.0,43.0,,43.0
2018-07-25,1.0,8.0,20.0,31.0,11.0,31.0
2018-07-26,1.0,8.0,20.0,38.0,,38.0
2018-07-27,0.0,6.0,17.0,28.0,,28.0
2018-07-28,0.0,4.0,17.0,23.0,,23.0
2018-07-29,1.0,3.0,19.0,13.0,,19.0
2018-07-30,1.0,5.0,19.0,28.0,,28.0
2018-07-31,1.0,16.0,24.0,27.0,,27.0
2018-08-01,2.0,9.0,18.0,27.0,,27.0
2018-08-02,2.0,5.0,17.0,31.0,,31.0
2018-08-03,2.0,7.0,13.0,53.0,,53.0
2018-08-04,2.0,12.0,16.0,37.0,,37.0
2018-08-05,1.0,4.0,19.0,29.0,,29.0
2018-08-06,3.0,12.0,18.0,29.0,11.0,29.0
2018-08-07,2.0,9.0,23.0,19.0,,23.0
2018-08-08,3.0,12.0,20.0,18.0,,20.0
2018-08-09,3.0,14.0,22.0,14.0,,22.0
2018-08-10,3.0,11.0,16.0,22.0,,22.0
2018-08-11,2.0,8.0,17.0,22.0,,22.0
2018-08-12,2.0,3.0,19.0,39.0,,39.0
2018-08-13,3.0,8.0,24.0,26.0,,26.0
2018-08-14,3.0,18.0,25.0,23.0,,25.0
2018-08-15,5.0,8.0,34.0,58.0,,58.0
2018-08-16,5.0,10.0,36.0,63.0,,63.0
2018-08-17,5.0,10.0,33.0,56.0,,56.0
2018-08-18,5.0,12.0,29.0,31.0,10.0,31.0
2018-08-19,5.0,4.0,31.0,68.0,,68.0
2018-08-20,5.0,4.0,31.0,71.0,,71.0
2018-08-21,6.0,8.0,40.0,55.0,,55.0
2018-08-22,6.0,8.0,37.0,83.0,,83.0
2018-08-23,8.0,9.0,45.0,128.0,,128.0
2018-08-24,7.0,8.0,35.0,68.0,,68.0
2018-08-25,5.0,7.0,25.0,61.0,,61.0
2018-08-26,3.0,3.0,29.0,54.0,,54.0
2018-08-27,3.0,,,,,3.0
2018-08-28,3.0,7.0,19.0,32.0,,32.0
2018-08-29,5.0,20.0,34.0,34.0,,34.0
2018-08-30,3.0,9.0,34.0,37.0,14.0,37.0
2018-08-31,3.0,6.0,20.0,31.0,,31.0
2018-09-01,2.0,4.0,23.0,44.0,,44.0
2018-09-02,3.0,8.0,28.0,58.0,,58.0
2018-09-03,3.0,5.0,31.0,61.0,,61.0
2018-09-04,3.0,9.0,31.0,59.0,,59.0
2018-09-05,3.0,10.0,30.0,45.0,,45.0
2018-09-06,3.0,10.0,30.0,46.0,,46.0
2018-09-07,3.0,8.0,26.0,48.0,,48.0
2018-09-08,2.0,6.0,25.0,36.0,,36.0
2018-09-09,3.0,6.0,26.0,37.0,,37.0
2018-09-10,3.0,13.0,26.0,47.0,,47.0
2018-09-11,3.0,8.0,29.0,52.0,28.0,52.0
2018-09-12,2.0,9.0,29.0,38.0,,38.0
2018-09-13,3.0,10.0,26.0,27.0,,27.0
2018-09-14,2.0,8.0,24.0,24.0,,24.0
2018-09-15,2.0,8.0,26.0,21.0,,26.0
2018-09-16,2.0,9.0,28.0,17.0,,28.0
2018-09-17,2.0,9.0,30.0,21.0,,30.0
2018-09-18,2.0,8.0,28.0,39.0,,39.0
2018-09-19,3.0,24.0,26.0,54.0,,54.0
2018-09-20,6.0,31.0,34.0,70.0,,70.0
2018-09-21,7.0,31.0,31.0,61.0,,61.0
2018-09-22,3.0,8.0,30.0,40.0,,40.0
2018-09-23,2.0,6.0,25.0,44.0,21.0,44.0
2018-09-24,6.0,25.0,28.0,56.0,,56.0
2018-09-25,3.0,14.0,31.0,54.0,,54.0
2018-09-26,5.0,22.0,31.0,47.0,,47.0
2018-09-27,3.0,18.0,33.0,25.0,,33.0
2018-09-28,2.0,11.0,35.0,47.0,,47.0
2018-09-29,2.0,8.0,30.0,26.0,,30.0
2018-09-30,2.0,13.0,28.0,11.0,,28.0
2018-10-01,3.0,30.0,24.0,34.0,,34.0
2018-10-02,3.0,23.0,23.0,23.0,,23.0
2018-10-03,3.0,20.0,27.0,0.0,,27.0
2018-10-04,3.0,7.0,31.0,8.0,,31.0
2018-10-05,3.0,18.0,27.0,26.0,17.0,27.0
2018-10-06,5.0,15.0,28.0,23.0,,28.0
2018-10-07,5.0,25.0,32.0,34.0,,34.0
2018-10-08,5.0,33.0,26.0,30.0,,33.0
2018-10-09,3.0,13.0,28.0,26.0,,28.0
2018-10-10,5.0,,,33.0,,33.0
2018-10-11,5.0,22.0,31.0,30.0,,31.0
2018-10-12,5.0,25.0,27.0,27.0,,27.0
2018-10-13,6.0,23.0,31.0,40.0,,40.0
2018-10-14,5.0,20.0,31.0,48.0,,48.0
2018-10-15,5.0,41.0,38.0,30.0,,41.0
2018-10-16,7.0,34.0,31.0,41.0,,41.0
2018-10-17,6.0,19.0,35.0,63.0,26.0,63.0
2018-10-18,5.0,21.0,30.0,54.0,,54.0
2018-10-19,8.0,26.0,33.0,60.0,,60.0
2018-10-20,6.0,16.0,35.0,54.0,,54.0
2018-10-21,5.0,8.0,37.0,47.0,,47.0
2018-10-22,5.0,9.0,37.0,,,37.0
2018-10-23,2.0,15.0,34.0,,,34.0
2018-10-24,5.0,26.0,23.0,,,26.0
2018-10-25,3.0,19.0,25.0,,,25.0
2018-10-26,3.0,20.0,21.0,29.0,,29.0
2018-10-27,3.0,11.0,14.0,10.0,,14.0
2018-10-28,2.0,9.0,30.0,19.0,,30.0
2018-10-29,5.0,25.0,30.0,30.0,19.0,30.0
2018-10-30,6.0,33.0,25.0,37.0,,37.0
2018-10-31,8.0,34.0,20.0,53.0,,53.0
2018-11-01,9.0,32.0,22.0,47.0,,47.0
2018-11-02,7.0,28.0,18.0,50.0,,50.0
2018-11-03,8.0,27.0,19.0,49.0,,49.0
2018-11-04,7.0,12.0,31.0,46.0,,46.0
2018-11-05,6.0,26.0,25.0,43.0,,43.0
2018-11-06,8.0,34.0,21.0,46.0,,46.0
2018-11-07,8.0,38.0,26.0,52.0,,52.0
2018-11-08,10.0,,,76.0,,76.0
2018-11-09,13.0,42.0,33.0,156.0,,156.0
2018-11-10,15.0,45.0,28.0,172.0,,172.0
2018-11-11,16.0,39.0,45.0,167.0,,167.0
2018-11-12,14.0,63.0,44.0,165.0,,165.0
2018-11-13,14.0,62.0,31.0,164.0,,164.0
2018-11-14,16.0,61.0,32.0,173.0,,173.0
2018-11-15,17.0,50.0,36.0,197.0,,197.0
2018-11-16,18.0,55.0,26.0,228.0,,228.0
2018-11-17,17.0,32.0,40.0,158.0,,158.0
2018-11-18,9.0,42.0,30.0,151.0,,151.0
2018-11-19,16.0,66.0,24.0,174.0,,174.0
2018-11-20,16.0,52.0,26.0,156.0,,156.0
2018-11-21,10.0,35.0,32.0,55.0,,55.0
2018-11-22,3.0,8.0,34.0,10.0,7.0,34.0
2018-11-23,3.0,12.0,32.0,14.0,,32.0
2018-11-24,7.0,25.0,31.0,16.0,,31.0
2018-11-25,8.0,23.0,12.0,40.0,,40.0
2018-11-26,7.0,25.0,13.0,43.0,,43.0
2018-11-27,7.0,25.0,19.0,39.0,,39.0
2018-11-28,6.0,18.0,,23.0,,23.0
2018-11-29,3.0,6.0,36.0,27.0,,36.0
2018-11-30,3.0,16.0,30.0,28.0,,30.0
2018-12-01,3.0,10.0,35.0,19.0,,35.0
2018-12-02,5.0,22.0,26.0,15.0,,26.0
2018-12-03,5.0,21.0,19.0,24.0,,24.0
2018-12-04,5.0,26.0,20.0,43.0,18.0,43.0
2018-12-05,5.0,21.0,23.0,29.0,,29.0
2018-12-06,8.0,34.0,21.0,33.0,,34.0
2018-12-07,9.0,36.0,14.0,52.0,,52.0
2018-12-08,9.0,27.0,22.0,65.0,,65.0
2018-12-09,8.0,32.0,12.0,89.0,,89.0
2018-12-10,8.0,25.0,14.0,71.0,,71.0
2018-12-11,9.0,30.0,10.0,49.0,,49.0
2018-12-12,8.0,30.0,20.0,47.0,,47.0
2018-12-13,8.0,34.0,20.0,56.0,,56.0
2018-12-14,7.0,28.0,33.0,63.0,,63.0
2018-12-15,7.0,31.0,22.0,43.0,,43.0
2018-12-16,7.0,14.0,31.0,18.0,7.0,31.0
2018-12-17,6.0,24.0,25.0,35.0,,35.0
2018-12-18,8.0,30.0,20.0,36.0,,36.0
2018-12-19,8.0,28.0,16.0,32.0,,32.0
2018-12-20,7.0,25.0,8.0,65.0,,65.0
2018-12-21,8.0,24.0,9.0,49.0,,49.0
2018-12-22,7.0,23.0,17.0,27.0,,27.0
2018-12-23,7.0,24.0,13.0,35.0,,35.0
2018-12-24,7.0,19.0,36.0,36.0,,36.0
2018-12-25,5.0,15.0,27.0,20.0,,27.0
2018-12-26,6.0,27.0,22.0,18.0,,27.0
2018-12-27,5.0,21.0,30.0,13.0,,30.0
2018-12-28,9.0,39.0,29.0,23.0,11.0,39.0
2018-12-29,10.0,35.0,21.0,33.0,,35.0
2018-12-30,7.0,27.0,31.0,40.0,,40.0
2018-12-31,6.0,10.0,,11.0,,11.0
2019-01-01,5.0,31.0,30.0,16.0,,31.0
2019-01-02,6.0,37.0,16.0,48.0,,48.0
2019-01-03,7.0,35.0,17.0,71.0,,71.0
2019-01-04,7.0,36.0,24.0,79.0,,79.0
2019-01-05,6.0,18.0,36.0,25.0,,36.0
2019-01-06,2.0,7.0,34.0,18.0,,34.0
2019-01-07,7.0,39.0,18.0,26.0,,39.0
2019-01-08,7.0,25.0,32.0,25.0,,32.0
2019-01-09,5.0,21.0,32.0,26.0,12.0,32.0
2019-01-10,7.0,29.0,15.0,50.0,,50.0
2019-01-11,7.0,26.0,9.0,40.0,,40.0
2019-01-12,5.0,23.0,29.0,31.0,,31.0
2019-01-13,5.0,25.0,21.0,41.0,,41.0
2019-01-14,6.0,31.0,27.0,28.0,,31.0
2019-01-15,3.0,22.0,34.0,10.0,,34.0
2019-01-16,3.0,9.0,38.0,14.0,,38.0
2019-01-17,3.0,8.0,35.0,52.0,,52.0
2019-01-18,6.0,33.0,27.0,55.0,,55.0
2019-01-19,7.0,25.0,23.0,48.0,,48.0
2019-01-20,7.0,8.0,39.0,15.0,,39.0
2019-01-21,5.0,14.0,32.0,20.0,12.0,32.0
2019-01-22,8.0,32.0,26.0,24.0,,32.0
2019-01-23,9.0,35.0,24.0,,,35.0
2019-01-24,9.0,30.0,19.0,,,30.0
2019-01-25,8.0,35.0,22.0,56.0,,56.0
2019-01-26,8.0,36.0,26.0,55.0,,55.0
2019-01-27,8.0,32.0,28.0,71.0,,71.0
2019-01-28,7.0,25.0,16.0,49.0,,49.0
2019-01-29,6.0,17.0,19.0,29.0,,29.0
2019-01-30,5.0,31.0,20.0,43.0,,43.0
2019-01-31,5.0,23.0,33.0,44.0,,44.0
2019-02-01,3.0,20.0,40.0,19.0,,40.0
2019-02-02,3.0,8.0,39.0,18.0,8.0,39.0
2019-02-03,3.0,6.0,38.0,15.0,,38.0
2019-02-04,3.0,9.0,37.0,17.0,,37.0
2019-02-05,3.0,23.0,30.0,18.0,,30.0
2019-02-06,5.0,34.0,26.0,26.0,,34.0
2019-02-07,5.0,31.0,29.0,26.0,,31.0
2019-02-08,3.0,18.0,27.0,29.0,,29.0
2019-02-09,3.0,16.0,39.0,21.0,,39.0
2019-02-10,3.0,16.0,39.0,14.0,,39.0
2019-02-11,5.0,31.0,30.0,26.0,,31.0
2019-02-12,6.0,30.0,38.0,28.0,,38.0
2019-02-13,5.0,25.0,31.0,11.0,,31.0
2019-02-14,3.0,10.0,40.0,16.0,8.0,40.0
2019-02-15,5.0,16.0,38.0,22.0,,38.0
2019-02-16,5.0,17.0,37.0,24.0,,37.0
2019-02-17,3.0,9.0,37.0,15.0,,37.0
2019-02-18,6.0,36.0,32.0,19.0,,36.0
2019-02-19,8.0,36.0,31.0,22.0,,36.0
2019-02-20,3.0,12.0,35.0,15.0,,35.0
2019-02-21,3.0,14.0,34.0,17.0,,34.0
2019-02-22,5.0,29.0,32.0,17.0,,32.0
2019-02-23,7.0,31.0,32.0,25.0,,32.0
2019-02-24,5.0,21.0,36.0,24.0,,36.0
2019-02-25,5.0,20.0,35.0,23.0,,35.0
2019-02-26,3.0,9.0,32.0,15.0,6.0,32.0
2019-02-27,5.0,16.0,36.0,13.0,,36.0
2019-02-28,5.0,13.0,35.0,20.0,,35.0
2019-03-01,5.0,,20.0,29.0,,29.0
2019-03-02,6.0,23.0,19.0,26.0,,26.0
2019-03-03,5.0,21.0,32.0,19.0,,32.0
2019-03-04,5.0,18.0,30.0,24.0,,30.0
2019-03-05,5.0,26.0,34.0,23.0,,34.0
2019-03-06,3.0,8.0,37.0,13.0,,37.0
2019-03-07,3.0,11.0,37.0,18.0,,37.0
2019-03-08,3.0,13.0,39.0,14.0,,39.0
2019-03-09,3.0,8.0,40.0,16.0,,40.0
2019-03-10,5.0,26.0,37.0,14.0,5.0,37.0
2019-03-11,6.0,27.0,31.0,27.0,,31.0
2019-03-12,5.0,17.0,37.0,33.0,,37.0
2019-03-13,5.0,30.0,34.0,25.0,,34.0
2019-03-14,6.0,31.0,36.0,23.0,,36.0
2019-03-15,5.0,23.0,40.0,26.0,,40.0
2019-03-16,6.0,21.0,39.0,33.0,,39.0
2019-03-17,7.0,37.0,44.0,43.0,,44.0
2019-03-18,9.0,42.0,41.0,51.0,,51.0
2019-03-19,5.0,28.0,47.0,38.0,,47.0
2019-03-20,3.0,12.0,46.0,23.0,,46.0
2019-03-21,3.0,14.0,43.0,27.0,,43.0
2019-03-22,3.0,15.0,39.0,20.0,8.0,39.0
2019-03-23,3.0,10.0,49.0,26.0,,49.0
2019-03-24,3.0,21.0,47.0,25.0,,47.0
2019-03-25,3.0,25.0,39.0,20.0,,39.0
2019-03-26,5.0,36.0,42.0,17.0,,42.0
2019-03-27,3.0,8.0,44.0,15.0,,44.0
2019-03-28,3.0,19.0,43.0,24.0,,43.0
2019-03-29,5.0,29.0,42.0,23.0,,42.0
2019-03-30,5.0,19.0,35.0,22.0,,35.0
2019-03-31,5.0,16.0,32.0,28.0,,32.0
2019-04-01,5.0,25.0,36.0,25.0,,36.0
2019-04-02,3.0,14.0,32.0,11.0,,32.0
2019-04-03,3.0,11.0,32.0,8.0,5.0,32.0
2019-04-04,3.0,11.0,34.0,5.0,,34.0
2019-04-05,3.0,11.0,43.0,10.0,,43.0
2019-04-06,3.0,8.0,41.0,18.0,,41.0
2019-04-07,3.0,6.0,30.0,24.0,,30.0
2019-04-08,5.0,12.0,40.0,22.0,,40.0
2019-04-09,3.0,12.0,40.0,25.0,,40.0
2019-04-10,5.0,16.0,34.0,30.0,,34.0
2019-04-11,5.0,19.0,36.0,35.0,,36.0
2019-04-12,5.0,23.0,34.0,27.0,,34.0
2019-04-13,5.0,18.0,40.0,41.0,,41.0
2019-04-14,3.0,6.0,44.0,29.0,,44.0
2019-04-15,5.0,7.0,42.0,28.0,14.0,42.0
2019-04-16,5.0,9.0,37.0,19.0,,37.0
2019-04-17,7.0,11.0,33.0,27.0,,33.0
2019-04-18,7.0,23.0,41.0,33.0,,41.0
2019-04-19,5.0,22.0,29.0,18.0,,29.0
2019-04-20,3.0,5.0,44.0,29.0,,44.0
2019-04-21,3.0,11.0,36.0,50.0,,50.0
2019-04-22,5.0,24.0,31.0,55.0,,55.0
2019-04-23,7.0,30.0,35.0,58.0,,58.0
2019-04-24,5.0,24.0,33.0,63.0,,63.0
2019-04-25,2.0,5.0,41.0,57.0,,57.0
2019-04-26,3.0,15.0,42.0,55.0,,55.0
2019-04-27,2.0,4.0,44.0,57.0,27.0,57.0
2019-04-28,2.0,3.0,41.0,56.0,,56.0
2019-04-29,2.0,10.0,,52.0,,52.0
2019-04-30,2.0,6.0,41.0,51.0,,51.0
2019-05-01,3.0,11.0,42.0,52.0,,52.0
2019-05-02,3.0,19.0,42.0,47.0,,47.0
2019-05-03,2.0,8.0,37.0,48.0,,48.0
2019-05-04,2.0,4.0,41.0,36.0,,41.0
2019-05-05,2.0,3.0,41.0,15.0,,41.0
2019-05-06,2.0,8.0,33.0,8.0,,33.0
2019-05-07,2.0,9.0,32.0,10.0,,32.0
2019-05-08,3.0,7.0,32.0,20.0,,32.0
2019-05-09,2.0,7.0,31.0,20.0,8.0,31.0
2019-05-10,3.0,7.0,35.0,21.0,,35.0
2019-05-11,2.0,4.0,36.0,23.0,,36.0
2019-05-12,2.0,4.0,32.0,27.0,,32.0
2019-05-13,2.0,8.0,31.0,20.0,,31.0
2019-05-14,3.0,8.0,30.0,20.0,,30.0
2019-05-15,3.0,14.0,41.0,15.0,,41.0
2019-05-16,3.0,7.0,39.0,32.0,,39.0
2019-05-17,3.0,7.0,36.0,27.0,,36.0
2019-05-18,3.0,11.0,41.0,15.0,,41.0
2019-05-19,3.0,8.0,46.0,17.0,,46.0
2019-05-20,3.0,11.0,41.0,18.0,,41.0
2019-05-21,3.0,,,26.0,18.0,26.0
2019-05-22,3.0,15.0,28.0,36.0,,36.0
2019-05-23,2.0,8.0,27.0,51.0,,51.0
2019-05-24,2.0,7.0,31.0,18.0,,31.0
2019-05-25,2.0,3.0,41.0,38.0,,41.0
2019-05-26,2.0,6.0,37.0,25.0,,37.0
2019-05-27,2.0,7.0,29.0,28.0,,29.0
2019-05-28,3.0,10.0,31.0,38.0,,38.0
2019-05-29,3.0,10.0,26.0,51.0,,51.0
2019-05-30,2.0,5.0,27.0,16.0,,27.0
2019-05-31,2.0,9.0,27.0,28.0,,28.0
2019-06-01,3.0,8.0,29.0,29.0,,29.0
2019-06-02,2.0,3.0,26.0,6.0,4.0,26.0
2019-06-03,2.0,7.0,28.0,29.0,,29.0
2019-06-04,3.0,17.0,30.0,58.0,,58.0
2019-06-05,2.0,12.0,28.0,53.0,,53.0
2019-06-06,3.0,4.0,28.0,35.0,,35.0
2019-06-07,3.0,17.0,27.0,38.0,,38.0
2019-06-08,5.0,25.0,32.0,31.0,,32.0
2019-06-09,8.0,32.0,45.0,52.0,,52.0
2019-06-10,7.0,33.0,108.0,52.0,,108.0
2019-06-11,7.0,38.0,87.0,57.0,,87.0
2019-06-12,3.0,19.0,31.0,45.0,,45.0
2019-06-13,2.0,4.0,26.0,18.0,,26.0
2019-06-14,2.0,4.0,24.0,27.0,10.0,27.0
2019-06-15,2.0,3.0,23.0,20.0,,23.0
2019-06-16,2.0,4.0,21.0,25.0,,25.0
2019-06-17,2.0,10.0,19.0,40.0,,40.0
2019-06-18,2.0,8.0,24.0,26.0,,26.0
2019-06-19,3.0,8.0,23.0,21.0,,23.0
2019-06-20,2.0,6.0,27.0,43.0,,43.0
2019-06-21,2.0,14.0,25.0,49.0,,49.0
2019-06-22,3.0,8.0,24.0,61.0,,61.0
2019-06-23,3.0,5.0,25.0,52.0,,52.0
2019-06-24,3.0,8.0,28.0,42.0,,42.0
2019-06-25,2.0,8.0,27.0,38.0,,38.0
2019-06-26,2.0,6.0,25.0,22.0,9.0,25.0
2019-06-27,2.0,6.0,22.0,21.0,,22.0
2019-06-28,2.0,8.0,22.0,25.0,,25.0
2019-06-29,2.0,6.0,21.0,30.0,,30.0
2019-06-30,2.0,3.0,25.0,28.0,,28.0
2019-07-01,2.0,8.0,24.0,36.0,,36.0
2019-07-02,2.0,10.0,23.0,43.0,,43.0
2019-07-03,2.0,8.0,23.0,41.0,,41.0
2019-07-04,2.0,3.0,26.0,38.0,,38.0
2019-07-05,2.0,5.0,25.0,35.0,,35.0
2019-07-06,2.0,3.0,27.0,47.0,,47.0
2019-07-07,2.0,2.0,25.0,43.0,,43.0
2019-07-08,2.0,6.0,24.0,31.0,13.0,31.0
2019-07-09,2.0,7.0,19.0,18.0,,19.0
2019-07-10,2.0,13.0,12.0,17.0,,17.0
2019-07-11,2.0,6.0,14.0,9.0,,14.0
2019-07-12,2.0,5.0,14.0,15.0,,15.0
2019-07-13,2.0,5.0,16.0,22.0,,22.0
2019-07-14,2.0,7.0,20.0,25.0,,25.0
2019-07-15,2.0,11.0,18.0,32.0,,32.0
2019-07-16,2.0,6.0,19.0,17.0,,19.0
2019-07-17,3.0,8.0,23.0,36.0,,36.0
2019-07-18,2.0,4.0,23.0,18.0,,23.0
2019-07-19,3.0,11.0,21.0,41.0,,41.0
2019-07-20,2.0,3.0,24.0,22.0,8.0,24.0
2019-07-21,2.0,5.0,23.0,27.0,,27.0
2019-07-22,3.0,8.0,21.0,30.0,,30.0
2019-07-23,2.0,6.0,17.0,25.0,,25.0
2019-07-24,5.0,22.0,23.0,52.0,,52.0
2019-07-25,3.0,10.0,23.0,43.0,,43.0
2019-07-26,2.0,5.0,20.0,15.0,,20.0
2019-07-27,3.0,12.0,22.0,22.0,,22.0
2019-07-28,3.0,10.0,24.0,49.0,,49.0
2019-07-29,2.0,7.0,22.0,53.0,,53.0
2019-07-30,2.0,7.0,25.0,38.0,,38.0
2019-07-31,3.0,10.0,25.0,35.0,,35.0
2019-08-01,2.0,5.0,15.0,11.0,6.0,15.0
2019-08-02,2.0,6.0,13.0,12.0,,13.0
2019-08-03,2.0,7.0,21.0,9.0,,21.0
2019-08-04,3.0,4.0,28.0,30.0,,30.0
2019-08-05,3.0,8.0,24.0,43.0,,43.0
2019-08-06,3.0,8.0,27.0,42.0,,42.0
2019-08-07,2.0,8.0,29.0,38.0,,38.0
2019-08-08,2.0,6.0,27.0,25.0,,27.0
2019-08-09,2.0,9.0,23.0,18.0,,23.0
2019-08-10,2.0,4.0,19.0,4.0,,19.0
2019-08-11,2.0,7.0,21.0,18.0,,21.0
2019-08-12,2.0,11.0,21.0,30.0,,30.0
2019-08-13,3.0,14.0,20.0,34.0,19.0,34.0
2019-08-14,6.0,24.0,28.0,51.0,,51.0
2019-08-15,5.0,23.0,26.0,57.0,,57.0
2019-08-16,3.0,15.0,23.0,59.0,,59.0
2019-08-17,2.0,8.0,28.0,45.0,,45.0
2019-08-18,2.0,12.0,25.0,21.0,,25.0
2019-08-19,2.0,8.0,24.0,15.0,,24.0
2019-08-20,2.0,10.0,23.0,23.0,,23.0
2019-08-21,2.0,8.0,22.0,20.0,,22.0
2019-08-22,2.0,8.0,20.0,28.0,,28.0
2019-08-23,2.0,7.0,23.0,32.0,,32.0
2019-08-24,2.0,4.0,28.0,28.0,,28.0
2019-08-25,2.0,17.0,31.0,20.0,6.0,31.0
2019-08-26,5.0,22.0,23.0,14.0,,23.0
2019-08-27,3.0,13.0,29.0,20.0,,29.0
2019-08-28,2.0,,27.0,26.0,,27.0
2019-08-29,2.0,,22.0,39.0,,39.0
2019-08-30,3.0,,20.0,30.0,,30.0
2019-08-31,2.0,10.0,21.0,29.0,,29.0
2019-09-01,2.0,6.0,22.0,18.0,,22.0
2019-09-02,2.0,6.0,22.0,26.0,,26.0
2019-09-03,2.0,7.0,20.0,18.0,,20.0
2019-09-04,2.0,7.0,22.0,22.0,,22.0
2019-09-05,2.0,8.0,25.0,15.0,,25.0
2019-09-06,2.0,8.0,23.0,14.0,6.0,23.0
2019-09-07,2.0,4.0,23.0,15.0,,23.0
2019-09-08,2.0,8.0,24.0,25.0,,25.0
2019-09-09,2.0,9.0,28.0,22.0,,28.0
2019-09-10,3.0,11.0,26.0,28.0,,28.0
2019-09-11,5.0,25.0,27.0,40.0,,40.0
2019-09-12,6.0,35.0,30.0,41.0,,41.0
2019-09-13,7.0,36.0,44.0,,,44.0
2019-09-14,3.0,11.0,24.0,,,24.0
2019-09-15,2.0,4.0,27.0,,,27.0
2019-09-16,2.0,10.0,27.0,,,27.0
2019-09-17,3.0,24.0,22.0,20.0,,24.0
2019-09-18,2.0,12.0,23.0,14.0,10.0,23.0
2019-09-19,3.0,24.0,25.0,22.0,,25.0
2019-09-20,3.0,24.0,25.0,30.0,,30.0
2019-09-21,6.0,20.0,31.0,31.0,,31.0
2019-09-22,3.0,8.0,19.0,25.0,,25.0
2019-09-23,5.0,24.0,21.0,24.0,,24.0
2019-09-24,7.0,29.0,32.0,52.0,,52.0
2019-09-25,7.0,39.0,33.0,49.0,,49.0
2019-09-26,3.0,21.0,32.0,49.0,,49.0
2019-09-27,2.0,11.0,28.0,17.0,,28.0
2019-09-28,2.0,11.0,29.0,37.0,,37.0
2019-09-29,2.0,14.0,28.0,26.0,,28.0
2019-09-30,2.0,19.0,28.0,17.0,13.0,28.0
2019-10-01,3.0,27.0,23.0,17.0,,27.0
2019-10-02,6.0,30.0,21.0,29.0,,30.0
2019-10-03,2.0,18.0,27.0,27.0,,27.0
2019-10-04,5.0,30.0,27.0,26.0,,30.0
2019-10-05,6.0,25.0,26.0,28.0,,28.0
2019-10-06,6.0,34.0,36.0,33.0,,36.0
2019-10-07,8.0,42.0,36.0,43.0,,43.0
2019-10-08,7.0,28.0,30.0,46.0,,46.0
2019-10-09,5.0,29.0,29.0,43.0,,43.0
2019-10-10,6.0,41.0,32.0,28.0,,41.0
2019-10-11,7.0,51.0,37.0,36.0,,51.0
2019-10-12,6.0,36.0,50.0,45.0,31.0,50.0
2019-10-13,5.0,16.0,34.0,25.0,,34.0
2019-10-14,3.0,18.0,31.0,41.0,,41.0
2019-10-15,5.0,23.0,29.0,48.0,,48.0
2019-10-16,3.0,19.0,30.0,15.0,,30.0
2019-10-17,3.0,19.0,31.0,24.0,,31.0
2019-10-18,6.0,47.0,31.0,43.0,,47.0
2019-10-19,5.0,23.0,31.0,42.0,,42.0
2019-10-20,6.0,20.0,28.0,34.0,,34.0
2019-10-21,8.0,32.0,23.0,44.0,,44.0
2019-10-22,10.0,40.0,28.0,48.0,,48.0
2019-10-23,9.0,41.0,25.0,52.0,,52.0
2019-10-24,8.0,42.0,28.0,32.0,39.0,42.0
2019-10-25,9.0,58.0,36.0,65.0,,65.0
2019-10-26,9.0,28.0,25.0,62.0,,62.0
2019-10-27,5.0,17.0,29.0,24.0,,29.0
2019-10-28,6.0,44.0,40.0,58.0,,58.0
2019-10-29,6.0,25.0,29.0,48.0,,48.0
2019-10-30,6.0,44.0,31.0,29.0,,44.0
2019-10-31,7.0,42.0,33.0,47.0,,47.0
2019-11-01,9.0,44.0,30.0,55.0,,55.0
2019-11-02,9.0,46.0,44.0,57.0,,57.0
2019-11-03,9.0,30.0,42.0,52.0,,52.0
2019-11-04,7.0,25.0,27.0,45.0,,45.0
2019-11-05,6.0,30.0,25.0,42.0,22.0,42.0
2019-11-06,5.0,13.0,20.0,41.0,,41.0
2019-11-07,5.0,20.0,31.0,53.0,,53.0
2019-11-08,5.0,24.0,29.0,72.0,,72.0
2019-11-09,5.0,21.0,29.0,64.0,,64.0
2019-11-10,5.0,14.0,24.0,46.0,,46.0
2019-11-11,7.0,40.0,20.0,55.0,,55.0
2019-11-12,7.0,34.0,31.0,48.0,,48.0
2019-11-13,6.0,18.0,31.0,39.0,,39.0
2019-11-14,5.0,22.0,25.0,36.0,,36.0
2019-11-15,5.0,21.0,23.0,13.0,,23.0
2019-11-16,6.0,20.0,14.0,38.0,,38.0
2019-11-17,9.0,42.0,33.0,54.0,21.0,54.0
2019-11-18,11.0,42.0,36.0,62.0,,62.0
2019-11-19,5.0,13.0,,32.0,,32.0
2019-11-20,6.0,32.0,26.0,35.0,,35.0
2019-11-21,6.0,28.0,26.0,48.0,,48.0
2019-11-22,7.0,35.0,25.0,55.0,,55.0
2019-11-23,7.0,32.0,29.0,58.0,,58.0
2019-11-24,8.0,30.0,24.0,52.0,,52.0
2019-11-25,5.0,33.0,32.0,40.0,,40.0
2019-11-26,2.0,,,24.0,,24.0
2019-11-27,3.0,22.0,,27.0,,27.0
2019-11-28,3.0,26.0,,25.0,,26.0
2019-11-29,3.0,26.0,29.0,23.0,9.0,29.0
2019-11-30,3.0,17.0,31.0,14.0,,31.0
2019-12-01,2.0,5.0,30.0,7.0,,30.0
2019-12-02,5.0,27.0,18.0,16.0,,27.0
2019-12-03,6.0,28.0,15.0,21.0,,28.0
2019-12-04,6.0,23.0,6.0,35.0,,35.0
2019-12-05,6.0,28.0,9.0,45.0,,45.0
2019-12-06,6.0,25.0,31.0,14.0,,31.0
2019-12-07,3.0,27.0,36.0,16.0,,36.0
2019-12-08,5.0,23.0,38.0,17.0,,38.0
2019-12-09,6.0,23.0,25.0,28.0,,28.0
2019-12-10,5.0,23.0,20.0,39.0,,39.0
2019-12-11,6.0,30.0,19.0,33.0,9.0,33.0
2019-12-12,5.0,18.0,18.0,9.0,,18.0
2019-12-13,5.0,22.0,32.0,21.0,,32.0
2019-12-14,3.0,7.0,37.0,17.0,,37.0
2019-12-15,5.0,17.0,32.0,18.0,,32.0
2019-12-16,5.0,25.0,19.0,24.0,,25.0
2019-12-17,6.0,33.0,27.0,45.0,,45.0
2019-12-18,6.0,18.0,29.0,15.0,,29.0
2019-12-19,6.0,34.0,25.0,28.0,,34.0
2019-12-20,7.0,29.0,14.0,56.0,,56.0
2019-12-21,8.0,25.0,27.0,52.0,,52.0
2019-12-22,5.0,21.0,37.0,19.0,,37.0
2019-12-23,6.0,31.0,23.0,23.0,12.0,31.0
2019-12-24,6.0,29.0,33.0,22.0,,33.0
2019-12-25,3.0,10.0,28.0,15.0,,28.0
2019-12-26,7.0,33.0,22.0,29.0,,33.0
2019-12-27,8.0,32.0,20.0,34.0,,34.0
2019-12-28,8.0,25.0,18.0,38.0,,38.0
2019-12-29,5.0,16.0,23.0,27.0,,27.0
2019-12-30,7.0,25.0,19.0,31.0,,31.0
2019-12-31,9.0,28.0,,41.0,,41.0
2020-01-01,7.0,22.0,27.0,37.0,,37.0
2020-01-02,8.0,33.0,14.0,38.0,,38.0
2020-01-03,7.0,34.0,21.0,60.0,,60.0
2020-01-04,6.0,23.0,28.0,29.0,13.0,29.0
2020-01-05,5.0,22.0,32.0,21.0,,32.0
2020-01-06,7.0,33.0,19.0,30.0,,33.0
2020-01-07,7.0,25.0,34.0,28.0,,34.0
2020-01-08,3.0,32.0,33.0,22.0,,33.0
2020-01-09,6.0,27.0,25.0,20.0,,27.0
2020-01-10,7.0,25.0,34.0,32.0,,34.0
2020-01-11,3.0,19.0,33.0,24.0,,33.0
2020-01-12,5.0,22.0,34.0,22.0,,34.0
2020-01-13,5.0,39.0,35.0,14.0,,39.0
2020-01-14,3.0,21.0,32.0,25.0,,32.0
2020-01-15,6.0,27.0,31.0,26.0,,31.0
2020-01-16,5.0,31.0,33.0,20.0,8.0,33.0
2020-01-17,6.0,33.0,25.0,30.0,,33.0
2020-01-18,5.0,21.0,24.0,21.0,,24.0
2020-01-19,5.0,19.0,18.0,30.0,,30.0
2020-01-20,5.0,28.0,27.0,48.0,,48.0
2020-01-21,5.0,17.0,28.0,14.0,,28.0
2020-01-22,7.0,34.0,25.0,30.0,,34.0
2020-01-23,7.0,28.0,16.0,43.0,,43.0
2020-01-24,7.0,22.0,25.0,31.0,,31.0
2020-01-25,5.0,14.0,27.0,33.0,,33.0
2020-01-26,3.0,17.0,36.0,19.0,,36.0
2020-01-27,5.0,27.0,32.0,32.0,,32.0
2020-01-28,3.0,20.0,31.0,33.0,19.0,33.0
2020-01-29,6.0,30.0,23.0,44.0,,44.0
2020-01-30,5.0,23.0,19.0,34.0,,34.0
2020-01-31,7.0,29.0,15.0,55.0,,55.0
2020-02-01,7.0,23.0,26.0,67.0,,67.0
2020-02-02,3.0,16.0,36.0,23.0,,36.0
2020-02-03,3.0,9.0,32.0,12.0,,32.0
2020-02-04,6.0,34.0,31.0,21.0,,34.0
2020-02-05,8.0,34.0,23.0,36.0,,36.0
2020-02-06,7.0,26.0,25.0,45.0,,45.0
2020-02-07,8.0,30.0,29.0,52.0,,52.0
2020-02-08,6.0,19.0,29.0,37.0,,37.0
2020-02-09,6.0,11.0,33.0,16.0,16.0,33.0
2020-02-10,9.0,35.0,31.0,25.0,,35.0
2020-02-11,10.0,33.0,31.0,31.0,,33.0
2020-02-12,10.0,30.0,33.0,54.0,,54.0
2020-02-13,6.0,8.0,34.0,32.0,,34.0
2020-02-14,7.0,25.0,29.0,35.0,,35.0
2020-02-15,8.0,17.0,32.0,38.0,,38.0
2020-02-16,6.0,16.0,34.0,27.0,,34.0
2020-02-17,7.0,25.0,28.0,39.0,,39.0
2020-02-18,7.0,39.0,32.0,34.0,,39.0
2020-02-19,7.0,29.0,25.0,39.0,,39.0
2020-02-20,9.0,35.0,37.0,54.0,,54.0
2020-02-21,8.0,32.0,35.0,52.0,27.0,52.0
2020-02-22,8.0,24.0,37.0,52.0,,52.0
2020-02-23,6.0,20.0,32.0,28.0,,32.0
2020-02-24,7.0,33.0,28.0,38.0,,38.0
2020-02-25,9.0,34.0,30.0,48.0,,48.0
2020-02-26,10.0,33.0,42.0,53.0,,53.0
2020-02-27,10.0,37.0,33.0,58.0,,58.0
2020-02-28,10.0,38.0,32.0,56.0,,56.0
2020-02-29,6.0,5.0,40.0,34.0,,40.0
2020-03-01,6.0,15.0,35.0,20.0,,35.0
2020-03-02,7.0,23.0,34.0,20.0,,34.0
2020-03-03,9.0,30.0,25.0,52.0,,52.0
2020-03-04,8.0,25.0,34.0,54.0,28.0,54.0
2020-03-05,6.0,21.0,34.0,39.0,,39.0
2020-03-06,6.0,6.0,33.0,10.0,,33.0
2020-03-07,6.0,8.0,36.0,4.0,,36.0
2020-03-08,6.0,18.0,36.0,15.0,,36.0
2020-03-09,8.0,34.0,35.0,21.0,,35.0
2020-03-10,8.0,24.0,32.0,26.0,,32.0
2020-03-11,7.0,31.0,33.0,25.0,,33.0
2020-03-12,8.0,27.0,31.0,40.0,,40.0
2020-03-13,6.0,24.0,36.0,52.0,,52.0
2020-03-14,2.0,4.0,39.0,8.0,,39.0
2020-03-15,2.0,6.0,41.0,13.0,,41.0
2020-03-16,2.0,21.0,38.0,6.0,4.0,38.0
2020-03-17,3.0,21.0,35.0,8.0,,35.0
2020-03-18,2.0,13.0,36.0,15.0,,36.0
2020-03-19,3.0,24.0,37.0,19.0,,37.0
2020-03-20,3.0,28.0,36.0,24.0,,36.0
2020-03-21,3.0,23.0,39.0,23.0,,39.0
2020-03-22,3.0,18.0,35.0,26.0,,35.0
2020-03-23,3.0,8.0,40.0,28.0,,40.0
2020-03-24,3.0,11.0,38.0,8.0,,38.0
2020-03-25,5.0,26.0,37.0,7.0,,37.0
2020-03-26,3.0,26.0,33.0,14.0,,33.0
2020-03-27,3.0,8.0,44.0,30.0,,44.0
2020-03-28,3.0,9.0,41.0,38.0,14.0,41.0
2020-03-29,3.0,8.0,38.0,23.0,,38.0
2020-03-30,3.0,12.0,31.0,6.0,,31.0
2020-03-31,3.0,8.0,31.0,6.0,,31.0
2020-04-01,3.0,11.0,33.0,20.0,,33.0
2020-04-02,5.0,30.0,31.0,23.0,,31.0
2020-04-03,3.0,14.0,31.0,17.0,,31.0
2020-04-04,3.0,6.0,31.0,12.0,,31.0
2020-04-05,3.0,6.0,36.0,10.0,,36.0
2020-04-06,5.0,19.0,31.0,23.0,,31.0
2020-04-07,5.0,20.0,36.0,23.0,,36.0
2020-04-08,3.0,8.0,34.0,25.0,,34.0
2020-04-09,3.0,13.0,34.0,13.0,7.0,34.0
2020-04-10,3.0,12.0,34.0,22.0,,34.0
2020-04-11,3.0,4.0,36.0,14.0,,36.0
2020-04-12,3.0,3.0,39.0,51.0,,51.0
2020-04-13,3.0,9.0,39.0,53.0,,53.0
2020-04-14,5.0,26.0,40.0,37.0,,40.0
2020-04-15,6.0,28.0,33.0,48.0,,48.0
2020-04-16,3.0,7.0,29.0,19.0,,29.0
2020-04-17,3.0,6.0,38.0,29.0,,38.0
2020-04-18,3.0,2.0,38.0,23.0,,38.0
2020-04-19,3.0,3.0,38.0,20.0,,38.0
2020-04-20,3.0,10.0,32.0,22.0,,32.0
2020-04-21,3.0,8.0,31.0,27.0,20.0,31.0
2020-04-22,3.0,8.0,26.0,23.0,,26.0
2020-04-23,5.0,8.0,29.0,18.0,,29.0
2020-04-24,5.0,20.0,29.0,40.0,,40.0
2020-04-25,5.0,8.0,23.0,27.0,,27.0
2020-04-26,3.0,2.0,39.0,18.0,,39.0
2020-04-27,3.0,8.0,26.0,25.0,,26.0
2020-04-28,5.0,14.0,24.0,15.0,,24.0
2020-04-29,3.0,4.0,22.0,11.0,,22.0
2020-04-30,3.0,8.0,36.0,22.0,,36.0
2020-05-01,3.0,8.0,35.0,24.0,,35.0
2020-05-02,3.0,3.0,30.0,7.0,,30.0
2020-05-03,3.0,7.0,36.0,21.0,14.0,36.0
2020-05-04,5.0,22.0,40.0,30.0,,40.0
2020-05-05,3.0,7.0,35.0,20.0,,35.0
2020-05-06,3.0,22.0,37.0,40.0,,40.0
2020-05-07,5.0,27.0,32.0,57.0,,57.0
2020-05-08,5.0,22.0,37.0,52.0,,52.0
2020-05-09,2.0,3.0,40.0,35.0,,40.0
2020-05-10,2.0,2.0,42.0,30.0,,42.0
2020-05-11,3.0,,33.0,18.0,,33.0
2020-05-12,2.0,5.0,39.0,19.0,,39.0
2020-05-13,2.0,16.0,28.0,22.0,,28.0
2020-05-14,2.0,6.0,28.0,14.0,,28.0
2020-05-15,2.0,5.0,34.0,13.0,10.0,34.0
2020-05-16,2.0,4.0,20.0,7.0,,20.0
2020-05-17,2.0,1.0,36.0,18.0,,36.0
2020-05-18,2.0,4.0,35.0,15.0,,35.0
2020-05-19,2.0,9.0,33.0,20.0,,33.0
2020-05-20,2.0,9.0,28.0,28.0,,28.0
2020-05-21,2.0,5.0,34.0,36.0,,36.0
2020-05-22,2.0,7.0,31.0,35.0,,35.0
2020-05-23,3.0,15.0,30.0,44.0,,44.0
2020-05-24,2.0,7.0,31.0,51.0,,51.0
2020-05-25,3.0,10.0,34.0,51.0,,51.0
2020-05-26,3.0,15.0,27.0,51.0,,51.0
2020-05-27,3.0,10.0,28.0,45.0,23.0,45.0
2020-05-28,2.0,4.0,30.0,16.0,,30.0
2020-05-29,2.0,4.0,29.0,12.0,,29.0
2020-05-30,2.0,4.0,30.0,15.0,,30.0
2020-05-31,2.0,4.0,28.0,16.0,,28.0
2020-06-01,2.0,5.0,29.0,35.0,,35.0
2020-06-02,3.0,18.0,31.0,53.0,,53.0
2020-06-03,5.0,19.0,27.0,58.0,,58.0
2020-06-04,3.0,13.0,32.0,63.0,,63.0
2020-06-05,2.0,4.0,31.0,38.0,,38.0
2020-06-06,2.0,3.0,31.0,20.0,,31.0
2020-06-07,2.0,3.0,30.0,23.0,,30.0
2020-06-08,3.0,21.0,27.0,25.0,18.0,27.0
2020-06-09,3.0,22.0,27.0,33.0,,33.0
2020-06-10,2.0,8.0,17.0,19.0,,19.0
2020-06-11,2.0,6.0,22.0,20.0,,22.0
2020-06-12,2.0,6.0,27.0,22.0,,27.0
2020-06-13,2.0,4.0,26.0,17.0,,26.0
2020-06-14,2.0,4.0,22.0,8.0,,22.0
2020-06-15,2.0,8.0,29.0,22.0,,29.0
2020-06-16,2.0,8.0,28.0,33.0,,33.0
2020-06-17,3.0,21.0,28.0,31.0,,31.0
2020-06-18,5.0,20.0,32.0,55.0,,55.0
2020-06-19,2.0,5.0,28.0,30.0,,30.0
2020-06-20,2.0,2.0,22.0,15.0,6.0,22.0
2020-06-21,2.0,1.0,23.0,20.0,,23.0
2020-06-22,2.0,4.0,28.0,28.0,,28.0
2020-06-23,2.0,8.0,27.0,19.0,,27.0
2020-06-24,2.0,6.0,21.0,27.0,,27.0
2020-06-25,2.0,3.0,20.0,15.0,,20.0
2020-06-26,2.0,5.0,23.0,19.0,,23.0
2020-06-27,2.0,2.0,28.0,23.0,,28.0
2020-06-28,1.0,5.0,26.0,55.0,,55.0
2020-06-29,2.0,9.0,25.0,55.0,,55.0
2020-06-30,2.0,8.0,25.0,55.0,,55.0
2020-07-01,2.0,3.0,26.0,47.0,,47.0
2020-07-02,2.0,8.0,29.0,41.0,21.0,41.0
2020-07-03,2.0,3.0,36.0,43.0,,43.0
2020-07-04,2.0,6.0,32.0,74.0,,74.0
2020-07-05,2.0,2.0,33.0,56.0,,56.0
2020-07-06,2.0,8.0,31.0,42.0,,42.0
2020-07-07,2.0,8.0,29.0,45.0,,45.0
2020-07-08,2.0,5.0,21.0,49.0,,49.0
2020-07-09,2.0,5.0,21.0,51.0,,51.0
2020-07-10,2.0,3.0,19.0,27.0,,27.0
2020-07-11,2.0,6.0,26.0,42.0,,42.0
2020-07-12,2.0,2.0,27.0,47.0,,47.0
2020-07-13,2.0,3.0,29.0,52.0,,52.0
2020-07-14,2.0,5.0,29.0,40.0,19.0,40.0
2020-07-15,2.0,6.0,29.0,19.0,,29.0
2020-07-16,2.0,3.0,29.0,18.0,,29.0
2020-07-17,2.0,4.0,28.0,15.0,,28.0
2020-07-18,2.0,3.0,28.0,18.0,,28.0
2020-07-19,2.0,1.0,26.0,9.0,,26.0
2020-07-20,2.0,3.0,25.0,10.0,,25.0
2020-07-21,2.0,3.0,29.0,8.0,,29.0
2020-07-22,2.0,3.0,24.0,9.0,,24.0
2020-07-23,2.0,3.0,36.0,13.0,,36.0
2020-07-24,2.0,4.0,36.0,37.0,,37.0
2020-07-25,2.0,3.0,36.0,33.0,,36.0
2020-07-26,2.0,3.0,40.0,28.0,9.0,40.0
2020-07-27,2.0,3.0,27.0,15.0,,27.0
2020-07-28,2.0,4.0,25.0,39.0,,39.0
2020-07-29,2.0,4.0,27.0,11.0,,27.0
2020-07-30,2.0,4.0,23.0,16.0,,23.0
2020-07-31,2.0,4.0,18.0,22.0,,22.0
2020-08-01,2.0,3.0,15.0,13.0,,15.0
2020-08-02,1.0,3.0,18.0,22.0,,22.0
2020-08-03,2.0,4.0,18.0,29.0,,29.0
2020-08-04,2.0,3.0,23.0,33.0,,33.0
2020-08-05,2.0,3.0,25.0,33.0,,33.0
2020-08-06,2.0,6.0,24.0,29.0,,29.0
2020-08-07,2.0,4.0,24.0,52.0,24.0,52.0
2020-08-08,2.0,5.0,22.0,38.0,,38.0
2020-08-09,2.0,3.0,23.0,25.0,,25.0
2020-08-10,2.0,6.0,25.0,29.0,,29.0
2020-08-11,2.0,4.0,25.0,18.0,,25.0
2020-08-12,2.0,6.0,23.0,18.0,,23.0
2020-08-13,5.0,18.0,31.0,53.0,,53.0
2020-08-14,5.0,26.0,33.0,43.0,,43.0
2020-08-15,3.0,11.0,30.0,49.0,,49.0
2020-08-16,3.0,8.0,29.0,43.0,,43.0
2020-08-17,3.0,11.0,18.0,29.0,,29.0
2020-08-18,5.0,14.0,19.0,48.0,,48.0
2020-08-19,6.0,19.0,24.0,111.0,52.0,111.0
2020-08-20,5.0,6.0,14.0,64.0,,64.0
2020-08-21,6.0,9.0,20.0,81.0,,81.0
2020-08-22,6.0,8.0,23.0,72.0,,72.0
2020-08-23,6.0,6.0,27.0,74.0,,74.0
2020-08-24,7.0,18.0,25.0,68.0,,68.0
2020-08-25,7.0,7.0,27.0,77.0,,77.0
2020-08-26,2.0,4.0,25.0,33.0,,33.0
2020-08-27,3.0,5.0,23.0,33.0,,33.0
2020-08-28,13.0,6.0,24.0,96.0,,96.0
2020-08-29,6.0,6.0,23.0,57.0,,57.0
2020-08-30,5.0,4.0,24.0,57.0,,57.0
2020-08-31,7.0,8.0,31.0,82.0,28.0,82.0
2020-09-01,6.0,7.0,33.0,70.0,,70.0
2020-09-02,2.0,4.0,31.0,43.0,,43.0
2020-09-03,6.0,5.0,30.0,72.0,,72.0
2020-09-04,5.0,7.0,32.0,63.0,,63.0
2020-09-05,6.0,23.0,41.0,74.0,,74.0
2020-09-06,10.0,25.0,51.0,94.0,,94.0
2020-09-07,9.0,27.0,32.0,76.0,,76.0
2020-09-08,5.0,14.0,22.0,48.0,,48.0
2020-09-09,7.0,13.0,31.0,92.0,,92.0
2020-09-10,16.0,16.0,32.0,186.0,,186.0
2020-09-11,18.0,31.0,37.0,198.0,,198.0
2020-09-12,16.0,15.0,38.0,172.0,74.0,172.0
2020-09-13,16.0,5.0,44.0,180.0,,180.0
2020-09-14,16.0,5.0,42.0,180.0,,180.0
2020-09-15,8.0,12.0,18.0,67.0,,67.0
2020-09-16,2.0,7.0,10.0,7.0,,10.0
2020-09-17,3.0,6.0,20.0,15.0,,20.0
2020-09-18,5.0,8.0,28.0,23.0,,28.0
2020-09-19,5.0,9.0,25.0,37.0,,37.0
2020-09-20,6.0,14.0,31.0,53.0,,53.0
2020-09-21,5.0,6.0,26.0,42.0,,42.0
2020-09-22,3.0,6.0,25.0,17.0,,25.0
2020-09-23,3.0,16.0,21.0,15.0,,21.0
2020-09-24,3.0,9.0,30.0,19.0,12.0,30.0
2020-09-25,3.0,11.0,27.0,42.0,,42.0
2020-09-26,5.0,15.0,23.0,35.0,,35.0
2020-09-27,8.0,37.0,41.0,63.0,,63.0
2020-09-28,10.0,36.0,41.0,63.0,,63.0
2020-09-29,3.0,11.0,38.0,15.0,,38.0
2020-09-30,7.0,23.0,32.0,66.0,,66.0
2020-10-01,10.0,36.0,32.0,130.0,,130.0
2020-10-02,11.0,32.0,33.0,126.0,,126.0
2020-10-03,7.0,18.0,30.0,55.0,,55.0
2020-10-04,3.0,5.0,27.0,34.0,,34.0
2020-10-05,6.0,17.0,25.0,36.0,,36.0
2020-10-06,6.0,13.0,32.0,54.0,19.0,54.0
2020-10-07,5.0,8.0,34.0,82.0,,82.0
2020-10-08,5.0,6.0,35.0,60.0,,60.0
2020-10-09,3.0,9.0,20.0,5.0,,20.0
2020-10-10,3.0,14.0,21.0,12.0,,21.0
2020-10-11,5.0,21.0,28.0,30.0,,30.0
2020-10-12,7.0,23.0,32.0,44.0,,44.0
2020-10-13,7.0,28.0,26.0,48.0,,48.0
2020-10-14,8.0,25.0,24.0,49.0,,49.0
2020-10-15,8.0,38.0,37.0,56.0,,56.0
2020-10-16,9.0,30.0,31.0,44.0,,44.0
2020-10-17,8.0,30.0,43.0,52.0,,52.0
2020-10-18,6.0,12.0,36.0,52.0,27.0,52.0
2020-10-19,5.0,16.0,21.0,33.0,,33.0
2020-10-20,6.0,23.0,27.0,37.0,,37.0
2020-10-21,6.0,24.0,21.0,53.0,,53.0
2020-10-22,3.0,16.0,29.0,44.0,,44.0
2020-10-23,5.0,22.0,35.0,31.0,,35.0
2020-10-24,3.0,9.0,36.0,34.0,,36.0
2020-10-25,2.0,8.0,35.0,29.0,,35.0
2020-10-26,5.0,22.0,41.0,37.0,,41.0
2020-10-27,8.0,40.0,33.0,40.0,,40.0
2020-10-28,7.0,32.0,42.0,50.0,,50.0
2020-10-29,7.0,37.0,49.0,55.0,,55.0
2020-10-30,6.0,22.0,32.0,50.0,23.0,50.0
2020-10-31,7.0,25.0,40.0,53.0,,53.0
2020-11-01,9.0,34.0,44.0,64.0,,64.0
2020-11-02,10.0,37.0,33.0,60.0,,60.0
2020-11-03,5.0,10.0,29.0,30.0,,30.0
2020-11-04,6.0,17.0,19.0,13.0,,19.0
2020-11-05,7.0,23.0,32.0,22.0,,32.0
2020-11-06,3.0,5.0,37.0,10.0,,37.0
2020-11-07,3.0,15.0,33.0,21.0,,33.0
2020-11-08,3.0,14.0,32.0,25.0,,32.0
2020-11-09,6.0,35.0,24.0,25.0,,35.0
2020-11-10,7.0,28.0,31.0,29.0,,31.0
2020-11-11,5.0,21.0,26.0,22.0,12.0,26.0
2020-11-12,6.0,18.0,31.0,33.0,,33.0
2020-11-13,5.0,22.0,31.0,15.0,,31.0
2020-11-14,6.0,24.0,27.0,26.0,,27.0
2020-11-15,9.0,32.0,24.0,45.0,,45.0
2020-11-16,9.0,36.0,23.0,42.0,,42.0
2020-11-17,9.0,33.0,31.0,20.0,,33.0
2020-11-18,6.0,19.0,31.0,6.0,,31.0
2020-11-19,6.0,21.0,22.0,28.0,,28.0
2020-11-20,10.0,30.0,20.0,35.0,,35.0
2020-11-21,10.0,36.0,22.0,46.0,,46.0
2020-11-22,11.0,28.0,24.0,37.0,,37.0
2020-11-23,6.0,20.0,23.0,13.0,11.0,23.0
2020-11-24,7.0,23.0,29.0,32.0,,32.0
2020-11-25,5.0,14.0,24.0,18.0,,24.0
2020-11-26,5.0,23.0,27.0,10.0,,27.0
2020-11-27,7.0,31.0,21.0,25.0,,31.0
2020-11-28,7.0,38.0,28.0,56.0,,56.0
2020-11-29,8.0,36.0,23.0,56.0,,56.0
2020-11-30,8.0,31.0,17.0,46.0,,46.0
2020-12-01,7.0,30.0,20.0,35.0,,35.0
2020-12-02,8.0,29.0,22.0,47.0,,47.0
2020-12-03,7.0,35.0,28.0,69.0,,69.0
2020-12-04,9.0,44.0,19.0,86.0,,86.0
2020-12-05,10.0,37.0,24.0,62.0,29.0,62.0
2020-12-06,8.0,31.0,29.0,30.0,,31.0
2020-12-07,8.0,28.0,29.0,19.0,,29.0
2020-12-08,9.0,,,40.0,,40.0
2020-12-09,9.0,44.0,31.0,78.0,,78.0
2020-12-10,10.0,40.0,31.0,60.0,,60.0
2020-12-11,5.0,22.0,30.0,18.0,,30.0
2020-12-12,5.0,13.0,20.0,7.0,,20.0
2020-12-13,6.0,14.0,32.0,22.0,,32.0
2020-12-14,6.0,25.0,19.0,24.0,,25.0
2020-12-15,8.0,24.0,9.0,43.0,,43.0
2020-12-16,8.0,22.0,30.0,51.0,,51.0
2020-12-17,6.0,23.0,31.0,20.0,13.0,31.0
2020-12-18,7.0,29.0,17.0,33.0,,33.0
2020-12-19,9.0,29.0,22.0,57.0,,57.0
2020-12-20,9.0,22.0,22.0,55.0,,55.0
2020-12-21,7.0,26.0,20.0,60.0,,60.0
2020-12-22,8.0,31.0,22.0,24.0,,31.0
2020-12-23,9.0,29.0,26.0,30.0,,30.0
2020-12-24,6.0,29.0,17.0,68.0,,68.0
2020-12-25,7.0,23.0,36.0,51.0,,51.0
2020-12-26,6.0,25.0,33.0,25.0,,33.0
2020-12-27,6.0,19.0,23.0,28.0,,28.0
2020-12-28,6.0,24.0,28.0,23.0,,28.0
2020-12-29,8.0,25.0,19.0,35.0,18.0,35.0
2020-12-30,8.0,24.0,32.0,22.0,,32.0
2020-12-31,7.0,25.0,32.0,33.0,,33.0
