,Unnamed: 0,index,Name,Lat,Lon,Date
0,0,59,241 Fire,33.7626,-117.7274,7/13/15
1,1,73,3-11 Fire,41.29226,-121.172117,7/23/15
2,2,74,3-12 Fire,40.856422,-121.101623,7/23/15
3,3,113,36 Fire,40.3506868,-121.7786799,8/8/15
4,4,93,Advance Fire,36.49845,-118.9009,7/30/15
5,5,98,Anza Fire,33.5736,-116.5387,8/10/15
6,6,53,Ascot Fire,38.1029,-122.1578,7/10/15
7,7,16,Bald Fire,41.1513,-123.8292,6/10/15
8,8,71,Baxter Fire,38.9361,-121.1548,7/22/15
9,9,67,Betabel Fire,36.8727,-121.5681,7/20/15
10,10,89,Big Creek Fire,37.823,-120.15644,7/29/15
11,11,50,Black Fire,39.8448,-122.3638,7/4/15
12,13,83,Buck Fire,40.1093,-123.774,7/28/15
13,14,138,Butte Fire,38.32974,-120.70418,9/9/15
14,15,84,Cabin Fire,36.24,-118.54,7/19/15
15,16,37,Calgrove Fire ,34.361007,-118.535793,6/24/15
16,17,136,Center Fire,40.400196,-120.553075,9/9/15
17,18,19,Chiles Fire,38.5287,-122.3415,6/16/15
18,19,88,China Fire,40.415108,-122.439939,7/29/15
19,20,152,Cienega Fire,36.70854,-121.32734,10/12/15
20,21,26,Cook Fire,39.2688,-121.26471,6/18/15
21,22,60,Cooley Fire,41.8048,-122.5029,7/13/15
22,23,29,Corrine Fire,37.165767,-119.523943,6/18/15
23,24,40,Covelo Fire,39.7806004,-123.248214,6/28/15
24,25,137,Creek Fire,40.400196,-120.553075,9/9/15
25,26,119,Cuesta Fire,35.3477,-120.6269,8/16/15
26,27,75,Cutca Fire,33.383889,-116.868611,7/24/15
27,28,112,De Luz Fire,33.4115972,-117.2886249,8/9/15
28,29,56,Deer Fire,35.7183,-121.0157,7/10/15
29,30,128,Democrat Fire,40.724898,-122.96174,8/25/15
30,31,31,Dixie Fire,40.875667,-121.033667,6/19/15
31,32,111,Dodge Fire,40.938,-120.105,8/3/15
32,33,69,Dorris Fire,41.999341,-121.891226,7/21/15
33,35,102,Fern Fire,40.67868,-121.93244,8/2/15
34,36,6,Forebay Fire,37.08312,-121.06963,5/11/15
35,37,21,Fork Fire,40.0133,-122.552,6/17/15
36,38,105,Francis Fire,39.33303,-121.18735,8/3/15
37,39,100,Frog Fire,41.399,-121.392,7/30/15
38,40,153,Gibraltar Fire,34.4828,-119.63216,10/29/15
39,41,123,Grade Fire,38.831478,-122.53428,8/24/15
40,42,5,Highway Fire,33.884313,-117.642759,4/18/15
41,43,121,Horse Fire,40.1058823,-124.0720419,8/18/15
42,44,114,Jerusalem Fire,38.8142503,-122.4867319,8/9/15
43,45,54,Keswick Fire,40.5953,-122.4397,7/7/15
44,46,131,Kramer Fire ,41.12362,-121.194256,8/29/15
45,47,72,Kyburz Fire,38.776,-120.404,7/23/15
46,48,61,Lake Fire,33.21407,-116.73472,7/16/15
47,49,23,Lake Fire,34.16027778,-116.8927778,6/17/15
48,50,156,Laureles Fire,36.5696373,-121.7556029,9/19/15
49,51,32,Loma Fire,37.974123,-121.833751,6/24/15
50,52,78,Lowell Fire,39.192088,-120.882313,7/25/15
51,53,141,Lumpkin Fire,39.5218,-121.3363,9/11/15
52,54,87,Mallard Fire,40.509552,-122.199227,7/29/15
53,55,81,Mark Fire,38.052,-120.5577,8/13/15
54,56,154,McCourtney Fire,39.081,-121.194,9/22/15
55,57,94,Mendocino Lightning Fires,39.43301,-123.36316,7/30/15
56,58,55,Mill 2 Fire,34.0783472,-117.0487863,7/12/15
57,59,145,Munjar Fire,39.8707,-121.8938,10/2/15
58,60,20,North Fire,38.260777,-121.135426,6/16/15
59,61,63,North Fire,34.339,-117.478,7/17/15
60,62,132,Oak Fire,38.04684,-120.30188,9/8/15
61,64,3,Otay Fire,32.6449163,-116.9454387,6/26/15
62,65,76,Park Fire,32.682547,-116.51684,7/24/15
63,66,18,Pass Fire,35.77937,-120.19482,6/15/15
64,67,126,Peterson Fire,38.925764,-122.879272,8/22/15
65,68,65,Pines Fire ,34.367,-117.683,7/17/15
66,69,39,Pleasure Fire,38.519132,-122.181878,6/27/15
67,70,107,Point Fire,40.3929,-122.40546,8/3/15
68,71,148,Potrero Fire,34.15,-118.879444,11/7/15
69,72,79,Queen Fire,41.295667,-123.784067,7/24/15
70,73,30,Red Fire,37.072561,-119.6958,6/21/15
71,74,86,Rocky Fire,38.8863538,-122.4762475,7/29/15
72,75,146,Rough Fire ,36.874,-118.905,7/31/15
73,76,17,Saddle Fire ,40.924,-123.168,6/10/15
74,77,52,Sky Fire,38.4113,-122.0789,7/6/15
75,78,51,Soda Fire,39.0263,-123.303,7/4/15
76,79,147,Solimar Fire,34.31953,-119.34512,12/25/15
77,80,57,Spider Fire,33.986204,-117.43942,7/12/15
78,81,92,Sprig Fire,40.49865,-122.20109,7/30/15
79,82,0,Stephens Fire,41.485,-121.851,2/24/15
80,83,38,Sterling Fire,34.165974,-117.243878,6/25/15
81,84,82,Sullivan Fire,37.24523,-121.20324,7/28/15
82,85,127,Summit Fire,34.23,-116.883,8/23/15
83,86,85,Swedes Fire,39.43963,-121.38794,7/29/15
84,87,155,Tassajara Fire,36.3699644,-121.589554,9/19/15
85,88,122,Tesla Fire,37.3845,-121.3732,8/19/15
86,89,68,Triple Fire,36.085212,-118.824235,7/21/15
87,90,90,Tulloch Fire,37.83618,-120.61691,8/15/15
88,91,91,Vasco Fire,37.81629,-121.68113,7/30/15
89,92,142,Walker Fire,40.47512,-122.52541,9/11/15
90,93,4,Ward Fire,40.05083333,-120.7016667,4/13/15
91,94,36,Washington Fire,38.598056,-119.751944,6/19/15
92,95,103,White Fire,34.9522,-120.2903,8/1/15
93,96,22,Wildcat Fire,32.9421,-116.8534,6/17/15
94,97,80,Willow Fire,37.279722,-119.50014,7/25/15
95,98,70,Wragg Fire,38.4994,-122.1145,7/22/15
96,0,163,166 Fire,34.93442,-119.5795,8/3/20
97,1,250,257 Fire,41.4435,-120.87054,11/17/20
98,2,194,3-19 Fire,39.276,-123.013667,8/18/20
99,3,181,3-2 Fire,35.519723,-120.801074,8/16/20
100,4,187,4-8 Fire,39.555943,-122.5012461,8/17/20
101,5,84,58 Fire,33.27665,-115.96594,6/24/20
102,6,17,Acres Fire,37.11715,-119.982359,5/21/20
103,7,23,Acres Fire,37.11806,-119.93221,6/1/20
104,8,140,Adams Fire,39.922415,-120.025872,7/27/20
105,9,252,Airport Fire,33.893351,-117.62109,12/1/20
106,10,113,Alum Fire,37.37731,-121.79349,7/11/20
107,11,24,Amoruso Fire,38.824371,-121.390862,6/1/20
108,12,1,Antelope Fire,39.6923001,-120.3291855,2/17/20
109,13,150,Apple Fire,33.99139,-116.9617,7/31/20
110,14,184,August Complex (includes Doe Fire),39.776,-122.673,8/16/20
111,15,87,Aurora Fire,38.22554,-119.00289,6/26/20
112,16,93,Avacado Fire,39.3784,-121.4319,6/30/20
113,17,60,Avila Fire,35.17977,-120.69959,6/15/20
114,18,124,Badger Fire,41.79319,-122.69296,7/18/20
115,19,68,Baker Fire,35.27678,-118.6894,6/17/20
116,20,7,Baker Fire,39.45493,-121.12381,3/3/20
117,21,11,Bar Fire,40.63442,-122.97693,4/25/20
118,22,4,Baseball Fire,39.75638899,-122.9411111,2/25/20
119,23,186,Beach Fire ,37.919382,-119.010655,8/17/20
120,24,160,Beale Fire,39.11307,-121.38178,8/2/20
121,25,0,Bear Fire ,40.511092,-123.6378411,2/15/20
122,26,2,Beegum Fire,40.33583333,-122.8472222,2/23/20
123,27,192,Bell Fire,38.183,-119.869,8/18/20
124,28,120,Ben Fire,37.42319,-119.95807,7/15/20
125,29,95,Bena Fire,35.310132,-118.702732,7/1/20
126,30,86,Bend Fire,35.30742,-119.88048,6/25/20
127,31,61,Bitter Fire ,36.3011,-120.92925,6/16/20
128,32,38,Bitterwater Fire,36.2644,-121.0781,6/7/20
129,33,247,Blue Ridge Fire ,33.877257,-117.675067,10/26/20
130,34,97,Bonadelle Fire,36.9678542,-119.9252132,7/2/20
131,35,254,Bond Fire,33.743842,-117.674967,12/2/20
132,36,143,Border 11 Fire,32.62212,-116.77048,7/28/20
133,37,52,Border 7 Fire,32.580882,-116.690712,6/11/20
134,38,42,Bradley Fire ,35.94979,-120.81509,6/8/20
135,39,144,Branch Fire,35.35146,-120.00521,7/28/20
136,40,110,Brandon Fire,38.58488,-120.941267,7/7/20
137,41,30,Brock Fire,40.837885,-122.097933,6/4/20
138,42,145,Brook Fire,34.25143,-117.45479,7/29/20
139,43,237,Bruder Fire,34.014728,-117.138078,10/15/20
140,44,223,Bullfrog Fire,37.135474,-119.027309,9/12/20
141,45,198,Butte/Tehama/Glenn Lightning Complex (Tehama/Glenn Zone) ,40.09571,-122.4393,8/19/20
142,46,12,Byron Fire,37.82066,-121.595225,4/27/20
143,47,190,CZU Lightning Complex (Including Warnella Fire) ,37.17162,-122.22275,8/16/20
144,48,107,California Fire,38.02996,-122.25471,7/6/20
145,49,238,Cameron Fire,38.659387,-120.964726,10/18/20
146,50,15,Candy Fire,39.42208,-121.47273,5/8/20
147,51,230,Candy Fire,33.764357,-117.374419,9/29/20
148,52,193,Carmel Fire,36.4463,-121.68181,8/18/20
149,53,173,Carrizo Fire,35.308259,-119.987565,8/12/20
150,54,9,Carter Fire ,32.93432,-115.5865,4/4/20
151,55,117,Casino Fire,33.48429,-116.83552,7/13/20
152,56,153,Castaic Fire,34.51853,-118.59699,8/1/20
153,57,213,Catholic Fire,39.012743,-122.637037,9/1/20
154,58,253,Cerritos Fire,33.773754,-117.051463,12/3/20
155,59,177,Clark Fire,39.647686,-121.633994,8/14/20
156,60,146,Clay Fire,38.40329,-121.17197,7/29/20
157,61,31,Colleen Fire,37.229703,-121.851895,6/4/20
158,62,231,Copper Fire ,38.49375,-121.003602,9/30/20
159,63,257,Cornell Fire,34.33622,-119.078,12/7/20
160,64,56,Cornetts Fire,37.40827,-120.08522,6/13/20
161,65,103,Cotton Fire,37.091637,-121.086625,7/5/20
162,66,139,Cottonwood Fire,37.083806,-121.101634,7/27/20
163,67,151,Cowhead Fire,41.52261,-120.17183,7/31/20
164,68,202,Coyote Fire,37.18725,-121.68465,8/21/20
165,69,119,Coyote Fire,36.653,-121.04401,7/15/20
166,70,196,Creek Fire,39.8174372,-123.2111007,8/18/20
167,71,214,Creek Fire,37.19147,-119.261175,9/4/20
168,72,259,Creek Fire,33.40047,-117.25023,12/23/20
169,74,105,Crews Fire,37.034839,-121.501532,7/5/20
170,75,45,Cronan Fire ,38.827755,-120.988571,6/9/20
171,76,248,Cypress Fire,34.03343,-117.51476,11/1/20
172,77,148,Dam Fire,34.17363,-117.889503,7/30/20
173,78,57,Dawson Fire ,33.776033,-117.461925,6/13/20
174,79,243,Dersch Fire,40.47646,-122.18102,10/25/20
175,80,85,Diablo Fire,37.46265,-121.18355,6/25/20
176,81,236,Diamond Fire,37.98337,-120.64541,10/13/20
177,82,59,Drum Fire,34.63309,-120.28867,6/14/20
178,83,169,Duluth Fire,38.81111,-121.318472,8/10/20
179,84,74,East Fire,41.5017,-120.54161,6/20/20
180,85,131,Easton Fire,34.135626,-117.192142,7/20/20
181,86,215,El Dorado Fire,34.08056,-116.98669,9/5/20
182,87,48,Elizabeth Fire,34.29475,-119.17808,6/10/20
183,88,182,Elk Fire,39.52452,-122.427358,8/16/20
184,89,115,Elliot Fire,33.623968,-117.108421,7/13/20
185,90,161,Elsmere Fire,34.3428,-118.49731,8/3/20
186,91,176,Feather Fire,39.716713,-120.889438,8/13/20
187,92,129,Feather Fire,39.506597,-121.604579,7/20/20
188,93,239,Ferry Fire,39.51694,-121.54475,10/22/20
189,94,234,Fields Fire ,39.181047,-121.450982,10/7/20
190,95,94,Flat Fire,40.791509,-123.437051,6/30/20
191,96,199,Flint Fire,38.03106,-120.85258,8/19/20
192,97,70,Fork Fire,36.37085,-118.845123,6/18/20
193,98,218,Fork Fire,38.99,-120.394,9/8/20
194,99,166,Fort Fire,34.93929,-118.92967,8/6/20
195,100,224,Fox Fire,41.211022,-122.847359,9/16/20
196,101,91,Gage Fire,35.69993,-120.96759,6/28/20
197,102,16,Gilman Fire,33.861054,-117.024114,5/18/20
198,103,227,Glass Fire,38.56295,-122.49745,9/27/20
199,104,127,Gold Fire,41.11037,-120.923293,7/20/20
200,105,78,Grade Fire ,36.5537,-119.19677,6/22/20
201,106,41,Grand Fire,33.638067,-117.37581,6/8/20
202,107,54,Grant Fire,38.520981,-121.201927,6/12/20
203,108,5,Grizzly Fire,39.774968,-122.384532,3/2/20
204,109,35,Gulch Fire,38.216134,-122.536406,6/6/20
205,110,66,Gyle Fire,40.000132,-122.205628,6/17/20
206,111,20,Harley Fire,33.83167,-117.34934,5/28/20
207,112,210,Hensley Fire ,37.08053,-119.88673,8/30/20
208,113,136,Hill Fire,39.013591,-122.359663,7/24/20
209,114,180,Hills Fire,36.09876,-120.427342,8/15/20
210,115,211,Hobo Fire ,40.82126,-123.12461,9/1/20
211,116,55,Hog Fire,36.82276,-119.36572,6/12/20
212,117,125,Hog Fire,40.420886,-120.86375,7/18/20
213,118,130,Holland Fire ,37.977309,-121.620238,7/20/20
214,119,14,Hollister Fire,34.47438,-120.29379,5/7/20
215,120,122,Hollow Fire,37.64044,-121.59374,7/16/20
216,121,188,Holser Fire,34.438759,-118.758965,8/17/20
217,122,73,Honcut Fire,39.36894,-121.53976,6/20/20
218,124,26,Horn Fire ,40.809323,-120.288882,6/2/20
219,125,76,Hunter Fire,35.90835,-121.08753,6/21/20
220,126,39,Hunters Fire,37.61955,-120.215454,6/7/20
221,127,47,India Fire,33.37579,-117.47166,6/9/20
222,128,88,Indian Fire,33.565093,-116.750925,6/26/20
223,129,13,Interstate 5 Fire,36.075003,-120.106407,5/3/20
224,130,138,Ione Fire ,38.420382,-121.044895,7/26/20
225,131,133,Iris Fire,37.518879,-118.711135,7/21/20
226,132,235,Irvine Fire,37.821737,-122.104314,10/11/20
227,133,135,Jack Fire,33.93327,-117.033124,7/24/20
228,134,209,Johnson Fire ,34.65979,-118.36411,8/28/20
229,135,185,Jones Fire,39.29241,-121.100352,8/17/20
230,136,134,July Complex,41.699,-121.477,7/24/20
231,137,32,Karchner Fire,38.98487,-121.340239,6/5/20
232,138,137,Karen Fire,34.028116,-117.429598,7/25/20
233,139,104,Kings Fire,36.750186,-119.116536,7/5/20
234,140,197,LNU Lightning Complex (includes Hennesse,38.48193,-122.14864,8/17/20
235,141,101,Lake Fire,35.351065,-120.00485,7/5/20
236,142,172,Lake Fire,34.679,-118.452,8/12/20
237,143,33,Lakeville Fire,38.224849,-122.549816,6/5/20
238,144,233,Lambert Fire,38.424016,-121.006635,10/4/20
239,145,65,Liberty Fire,38.23432,-121.20828,6/17/20
240,146,50,Lime Fire,34.46182,-118.77347,6/10/20
241,147,142,Lincoln Fire,40.78804,-124.19954,7/27/20
242,148,178,Loyalton Fire,39.702438,-120.143473,8/14/20
243,149,6,Mann Fire,33.96957,-117.51793,3/3/20
244,150,229,Martindale Fire ,34.563,-118.4,9/28/20
245,151,34,McGary Fire ,38.196893,-122.156313,6/5/20
246,152,174,Meiss Fire,38.474502,-121.172572,8/13/20
247,153,128,Milepost 21 Fire,41.1849445,-123.6986222,7/20/20
248,154,168,Mina Fire,39.82454,-123.262437,8/10/20
249,155,118,Mineral Fire,36.09493,-120.52193,7/13/20
250,156,200,Moc Fire,37.813779,-120.312565,8/20/20
251,157,99,Mount R Fire,34.182436,-117.124353,7/3/20
252,158,109,Mountain Meadow Fire ,38.21614,-122.12447,7/6/20
253,159,251,Mountain View Fire,38.51474,-119.46778,11/17/20
254,160,92,Muck Fire ,41.0336731,-121.2199939,6/29/20
255,161,189,Murphy Fire,38.840068,-120.876546,8/17/20
256,162,111,Nail Fire,39.35498,-122.65813,7/7/20
257,163,25,Nash Fire,39.1296,-123.48018,6/1/20
258,164,69,Nelson Fire,38.89178,-121.33956,6/18/20
259,165,64,Nelson Fire ,39.52408,-121.60037,6/17/20
260,166,157,North Fire,40.36764,-120.44811,8/2/20
261,167,217,Oak Fire,39.4935,-123.3965,9/7/20
262,168,44,Oak Fire,33.78275,-116.89655,6/8/20
263,169,244,Olinda Fire,40.41486,-122.342,10/25/20
264,170,102,Park Fire,37.166733,-121.567505,7/5/20
265,171,165,Pass Fire,35.61521,-120.40457,8/4/20
266,172,90,Pass Fire,37.06641,-121.21912,6/28/20
267,173,108,Patterson Fire,37.71984,-121.53524,7/6/20
268,174,208,Perry Fire,38.8825,-121.10411,8/26/20
269,175,123,Pitzer Fire,34.39464,-116.97557,7/17/20
270,176,206,Placer Fire,35.4335197,-120.1243296,8/25/20
271,177,126,Platina Fire,40.462621,-122.792645,7/19/20
272,178,89,Poeville Fire,39.32596,-119.81098,6/27/20
273,179,246,Point Fire (Placer County),39.009454,-120.488892,10/26/20
274,180,242,Point Fire (Shasta and Tehama County),40.38869,-122.39033,10/25/20
275,181,154,Pond Fire,35.43128,-120.47346,8/1/20
276,182,232,Pony Fire,38.464074,-121.039236,10/3/20
277,183,241,Pope Fire,38.56184,-122.37828,10/23/20
278,184,159,Post Fire,34.04447,-118.21608,8/2/20
279,185,114,Power Fire,37.1487,-119.50307,7/11/20
280,186,36,Quail Fire,38.470809,-122.038208,6/6/20
281,187,75,Quarter Fire,38.08264,-120.20316,6/21/20
282,188,170,R-1 Fire,40.590714,-120.549595,8/11/20
283,189,82,R-2 Fire,40.43203,-120.28147,6/23/20
284,190,83,R-3 Fire,40.44793,-120.04635,6/24/20
285,191,207,R-8 Pinecone Fire ,40.773,-120.536,8/26/20
286,192,147,Rabbit Fire,33.934137,-117.034461,7/30/20
287,193,132,Rabbit Fire ,37.118075,-119.932391,7/20/20
288,194,175,Ranch 2 Fire,34.160265,-117.910498,8/13/20
289,195,19,Range Fire,35.34237,-120.70524,5/27/20
290,196,10,Red Fire ,40.09554,-122.43905,4/23/20
291,197,240,Redwood Fire,40.55823,-123.88658,10/23/20
292,198,62,Riata Fire ,35.40953,-120.56823,6/16/20
293,199,79,Rico Fire ,35.9789,-120.87858,6/22/20
294,200,67,Ridge Fire,35.9497,-121.42113,6/17/20
295,201,141,Ridge Fire,34.75844,-118.72004,7/27/20
296,202,183,River Fire,36.60239,-121.62161,8/16/20
297,203,80,River Fire,35.62906,-120.68326,6/22/20
298,204,116,Robinson Fire,39.43227,-121.37994,7/13/20
299,205,96,Rowher Fire,34.542742,-118.324601,7/1/20
300,206,191,SCU Lightning Complex,37.439437,-121.30435,8/18/20
301,207,195,Salt Fire,38.027921,-120.763258,8/18/20
302,208,225,San Antonio Fire ,34.773809,-120.491594,9/16/20
303,209,249,San Dimas Fire,34.146195,-117.778561,11/6/20
304,210,258,Sanderson Fire,33.93244,-117.03459,12/13/20
305,211,221,Schoolhouse Fire,41.68229,-122.84057,9/9/20
306,213,222,Shackleford Fire,41.575549,-123.021635,9/11/20
307,214,149,Sheep Fire,35.14357,-118.7933,7/30/20
308,215,203,Sheep Fire ,40.274,-120.757,8/22/20
309,216,100,Sheridan Fire,37.536015,-121.876277,7/4/20
310,217,43,Sierra Fire,33.82925,-117.46036,6/8/20
311,218,29,Silver Fire,37.329163,-121.726223,6/4/20
312,219,245,Silverado Fire ,33.73614,-117.65719,10/26/20
313,220,158,Sites Fire ,39.31313,-122.48525,8/2/20
314,221,51,Skyline Fire,32.73044,-116.7862,6/11/20
315,222,212,Slink Fire,38.568,-119.568,9/1/20
316,223,27,Smoketree Fire,33.782532,-116.524014,6/2/20
317,224,226,Snow Fire ,33.88831,-116.68386,9/17/20
318,225,171,Soda Fire,34.962524,-119.444977,8/12/20
319,226,49,Soda Fire,35.35146,-120.00521,6/10/20
320,227,98,Soda Fire ,35.393889,-120.053275,7/3/20
321,228,106,Soledad Fire,34.467915,-118.328877,7/5/20
322,229,155,Sophia Fire,38.686478,-121.103299,8/2/20
323,230,8,South Main Fire,33.65263,-117.40906,3/6/20
324,231,18,Spanish Fire ,38.697834,-122.403634,5/22/20
325,232,40,Sperry Fire,37.463636,-121.16483,6/8/20
326,233,220,Sperry Fire,37.46377,-121.18018,9/8/20
327,234,72,Springs Fire,35.89133,-118.8613,6/19/20
328,235,77,Stage Fire,36.69845,-121.57407,6/21/20
329,236,162,Stagecoach Fire,35.43044,-118.53361,8/3/20
330,237,152,Stump Fire,40.34659,-121.6415,8/1/20
331,238,81,Sycamore Fire,36.97511,-119.33439,6/23/20
332,239,71,Teddy Fire,39.37577,-121.45372,6/18/20
333,241,256,Thomas Fire,41.591948,-120.374514,12/3/20
334,242,164,Trimmer Fire,36.90933,-119.2439,8/4/20
335,243,112,Tripp Fire ,33.551838,-116.7464168,7/9/20
336,244,216,Valley Fire,32.765615,-116.692705,9/5/20
337,245,121,Valley Fire ,39.10112,-121.33589,7/15/20
338,246,46,Vineyard Fire ,38.89695,-123.21318,6/9/20
339,247,201,Volcano Fire,33.454896,-117.328234,8/20/20
340,248,204,W-5 Cold Springs,41.028611,-120.281389,8/23/20
341,249,63,Walker Fire,38.07741,-120.72958,6/16/20
342,250,156,Water Fire,33.924086,-116.641846,8/2/20
343,251,53,Watt Fire,38.733421,-121.378879,6/11/20
344,252,179,Whale Fire,35.472114,-120.856731,8/15/20
345,253,28,Wildlife Fire,38.232281,-122.042199,6/3/20
346,254,219,Willow Fire,39.3637,-121.32361,9/9/20
347,255,255,Willow Fire,32.75277778,-116.9075,12/2/20
348,256,37,Willow Fire ,37.994368,-122.002811,6/6/20
349,257,3,Wood Fire,40.62155,-120.49392,2/23/20
350,258,205,Woodward Fire,38.018089,-122.836701,8/18/20
351,259,228,Zogg Fire,40.53927,-122.56656,9/27/20
352,0,13,70 Fire,39.624017,-121.595093,5/29/16
353,1,48,70 Fire,39.43351,-121.6051,6/21/16
354,2,114,99 Fire,39.6708,-121.7192,8/2/16
355,3,69,Appaloosa Fire,38.02845,-120.61153,7/2/16
356,4,39,Arroyo Fire,36.2833,-121.3306,6/18/16
357,5,18,Athens Fire,38.8390117,-121.3090268,5/17/16
358,6,163,Auburn Fire,39.20427,-121.05948,9/17/16
359,7,30,Aukum Fire,38.64107,-120.6955,6/3/16
360,8,17,Avocado Fire,36.78769,-119.38248,5/15/16
361,9,85,Bailey Fire,41.96191,-122.59328,7/19/16
362,10,113,Baker Fire,40.19611,-122.26736,8/3/16
363,11,88,Baker Fire,37.98171,-120.64241,7/21/16
364,12,169,Bangor Fire,39.4403,-121.42647,9/22/16
365,13,141,Beale Fire,36.16965,-121.38775,8/18/16
366,14,171,Bell Fire,38.5212,-120.8416,9/23/16
367,15,58,Big Fire,36.92244,-119.39619,7/11/16
368,16,147,Bird Fire,37.62215,-121.36665,8/20/16
369,17,129,Blue Cut Fire,34.30372,-117.49342,8/16/16
370,18,38,Border Fire,32.60729,-116.63028,6/19/16
371,19,136,Boys Fire,38.558,-121.1309,9/11/16
372,20,93,Bradley Fire,35.85093,-120.81081,7/22/16
373,21,72,Broken Fire,37.25601,-119.65776,7/4/16
374,22,15,Bryson Fire,35.8378273,-121.0381507,5/12/16
375,23,170,Butte Fire,39.188321,-121.78003,9/20/16
376,24,37,Camanche Fire,38.26874,-120.90265,6/17/16
377,25,27,Campo Fire,38.22017,-120.8678,6/27/16
378,26,166,Canyon Fire,34.63445,-120.54421,9/17/16
379,27,134,Cedar Fire,35.7506,-118.5678,8/16/16
380,28,132,Chimney Fire,35.70595,-120.98316,8/13/16
381,29,23,Chimney Fire,35.84883,-118.08591,6/1/16
382,30,32,Clay Fire,38.3131,-121.06452,6/3/16
383,31,133,Clayton Fire,38.89741,-122.60664,8/13/16
384,32,25,Coal Fire,39.595,-121.6008,6/20/16
385,33,10,Coe Fire,37.17072,-121.42238,6/7/16
386,34,115,Cold Fire,38.52513,-122.06788,8/2/16
387,35,34,Coleman Fire,36.01542,-121.25029,6/4/16
388,36,63,Colyear Fire,40.0353,-122.56939,6/30/16
389,37,41,Cotton Fire,35.77135,-120.251,6/11/16
390,38,174,Cow Fire,40,-121.93923,9/25/16
391,39,0,Creek Fire,38.40958,-122.43172,10/10/16
392,40,47,Creek Fire,38.69971,-122.15457,6/26/16
393,41,67,Curry Fire,36.0749,-120.452041,7/1/16
394,42,8,DeWolf Fire,36.88286,-119.654,5/25/16
395,43,119,Deer Fire,38.2581,-120.8657,8/5/16
396,44,64,Deer Fire,35.20993,-118.72272,7/1/16
397,45,51,Dinosaur Fire,37.07147,-121.20155,6/25/16
398,46,78,Dunnigan Fire,38.8866,-122.04726,7/15/16
399,47,12,Dunstone Fire,39.33035,-121.78973,5/27/16
400,48,179,Emerald Fire,38.93449,-120.10744,10/14/16
401,49,49,Erskine Fire,35.6115,-118.45628,6/23/16
402,50,81,Famoso Fire,35.60748,-118.94811,7/15/16
403,51,83,Feather Fire,32.9612,-116.7945,7/18/16
404,52,62,Fiddler Fire,40.36873,-122.72913,7/8/16
405,53,66,Flores Fire,40.07846,-122.2071,7/1/16
406,54,84,Foothill Fire,39.0863,-122.7891,7/19/16
407,55,107,Fork Fire,37.24006,-119.4741,7/29/16
408,56,61,Fort Fire,34.913,-118.9082,7/8/16
409,57,71,Frame Fire,36.14161,-120.62048,7/4/16
410,58,104,Franklin Fire,38.01264,-122.1885,7/24/16
411,59,26,Frazier Fire,35.70821,-120.82266,6/27/16
412,60,110,Frymire Fire,37.81434,-120.69521,7/30/16
413,61,146,Gap Fire,41.851,-123.118,8/27/16
414,62,87,Goose Fire,37.01591,-119.50507,7/30/16
415,63,112,Gopher Fire,33.22558,-117.14547,8/10/16
416,64,180,Gopher Fire,33.254355,-117.158475,11/13/16
417,65,2,Gorman Fire,34.6888731,-118.7892593,4/19/16
418,66,154,Grade Fire,41.7813,-122.611,8/24/16
419,67,53,Grant Fire,37.74369,-121.58677,6/25/16
420,68,82,Green Fire,37.0099,-119.5792,7/15/16
421,69,118,Grub Fire,37.3228,-119.7738,8/4/16
422,70,116,Hart Fire,35.24504,-118.60344,8/4/16
423,71,145,Havilah Fire,35.4976,-118.5097,8/28/16
424,72,31,Hidden Fire,36.80296,-121.40304,6/3/16
425,73,40,Hoag Fire,39.7947,-121.857,6/11/16
426,74,161,Hog Fire,40.30594,-122.1295,9/13/16
427,75,95,Holy Fire,33.6542,-117.5221,8/31/16
428,76,155,Howard Fire,41.4657,-120.9066,9/11/16
429,77,182,Jacobson Fire,36.217,-118.551,10/20/16
430,78,96,Ken Fire,34.25858,-117.4415,9/3/16
431,79,36,Keswick Fire,40.61388,-122.46777,6/11/16
432,80,127,Knoxville Fire,38.68403,-122.26015,8/9/16
433,81,73,Kuehner Fire,34.27619,-118.63264,7/1/16
434,82,126,Kugelman Fire,36.09974,-120.51057,8/9/16
435,83,52,Laguna Fire,33.57872,-117.77395,6/26/16
436,84,101,Lake Fire,40.68192,-122.4096,9/10/16
437,85,177,Loma Fire,37.10632,-121.85318,9/26/16
438,86,68,Lone Pine Fire,36.58972,-118.15589,7/1/16
439,87,50,Lowe Fire,36.1934,-120.9293,6/23/16
440,88,181,Marek Fire,34.31,-118.335,11/14/16
441,89,54,Marina Fire,37.97,-119.14,6/25/16
442,90,172,Marshes Fire,37.79635,-120.32484,9/26/16
443,91,183,Meadow Fire,35.984,-118.551,10/29/16
444,93,6,Metz Fire,36.38123,-121.20059,5/22/16
445,94,143,Mina Fire,39.8748511,-123.4267011,8/30/16
446,95,128,Mineral Fire,36.09974,-120.51057,8/9/16
447,96,157,Mockingbird Fire,39.1408865,-122.9148951,8/30/16
448,97,159,Moffett Fire,41.6314,-122.7933,9/12/16
449,98,138,Mokelumne Fire,38.57554,-120.00606,8/18/16
450,99,29,Moore Fire,38.86804,-121.37704,6/21/16
451,100,130,Mountain Fire,40.61213,-122.47091,8/9/16
452,101,173,Newmark Fire,36.6543,-119.5327,9/23/16
453,102,90,Oak Fire,38.33475,-122.02564,7/22/16
454,103,120,Oak Fire,37.06531,-121.68577,8/12/16
455,104,140,Oak Fire,37.11831,-121.69784,9/1/16
456,105,162,Old Fire,37.75972,-120.029626,9/13/16
457,106,42,Old Fire,36.49914,-121.04993,6/12/16
458,107,160,Old Fire,39.8851,-121.6998,9/16/16
459,108,79,Onyx Fire,35.68313,-118.21793,7/13/16
460,109,164,Owens River Fire,37.75985,-118.95309,9/17/16
461,110,75,Pacheco Fire,38.08056,-120.81394,7/12/16
462,111,22,Pala Fire,33.41639,-117.08829,5/31/16
463,112,28,Paskenta Fire,39.93965,-122.40142,6/21/16
464,113,100,Phoenix Fire,39.39051,-120.51887,9/7/16
465,114,121,Pilot Fire,34.28771,-117.27338,8/7/16
466,115,65,Pine Fire,34.701,-119.144,6/30/16
467,116,43,Pony Fire,41.623,-123.557,6/7/16
468,117,57,Rancho Fire,38.385,-121.003611,6/28/16
469,118,156,Range Fire,35.2013,-118.7212,8/26/16
470,119,55,Reservoir Fire,39.12366,-122.50373,6/26/16
471,120,91,Roblar Fire,33.393,-117.35093,7/21/16
472,121,103,Rock Fire,33.00056,-116.9571,7/22/16
473,122,98,Ruff Fire ,39.7299,-123.5044,9/10/16
474,123,178,Sacata Fire,36.94536,-119.25959,10/11/16
475,124,97,Saddle Fire,39.6871,-121.571,9/5/16
476,125,59,Sage Fire,34.36763,-118.57245,7/9/16
477,126,150,Santos Fire,39.79547,-121.71662,8/26/16
478,127,175,Sawmill Fire,38.80017,-122.82895,9/25/16
479,128,70,Scott Fire,38.517772,-121.103642,7/10/16
480,129,14,Shedd Fire,35.61961,-120.39993,5/10/16
481,130,74,Shelter Fire,33.11645,-116.58542,7/11/16
482,131,45,Sherpa Fire,34.776,-119.643,6/15/16
483,132,80,Sherwood Fire,36.92244,-119.39619,7/13/16
484,133,111,Sierra Fire,37.41896,-121.79669,7/30/16
485,134,94,Soberanes Fire,36.45994,-121.89938,7/22/16
486,135,35,Soda Fire,35.01382,-119.58206,6/4/16
487,136,165,Soup Complex,41.2649,-120.3178,9/17/16
488,137,99,Spring Fire,34.3183,-117.3189,9/7/16
489,138,135,Stafford Fire,40.4572,-124.05804,8/11/16
490,139,76,Stagecoach Fire,37.96311,-120.67335,7/12/16
491,140,102,Storksbill Fire,38.79549,-121.00299,7/22/16
492,141,131,Summit Fire,40.9878,-123.77832,8/12/16
493,142,139,Sunny Fire,36.84479,-119.34487,9/3/16
494,143,92,Table Fire,41.71847,-122.36924,7/21/16
495,144,1,Taglio Fire,37.2171,-121.08036,4/24/16
496,145,33,Temecula Fire,33.476894,-117.140883,6/4/16
497,146,176,Tobin Fire,39.92,-121.32,9/26/16
498,147,56,Trailhead Fire,38.96741,-120.9375,6/28/16
499,148,153,Tule Fire,36.1648,-118.73906,8/22/16
500,149,4,Tulloch Fire,37.927613,-120.528836,5/30/16
501,150,148,Tully Fire,41.28486,-123.82268,8/22/16
502,151,167,Washington Fire,34.75134,-120.55297,9/22/16
503,152,7,Wheatland Fire,34.276,-118.354,5/23/16
504,153,149,Willard Fire,40.3915,-120.7845,9/11/16
505,154,151,Willow Fire,38.1874,-120.6381,8/28/16
506,0,118,3-2 Willow (Previously H-1 Fire),40.900458,-121.320838,8/7/19
507,1,39,32 Fire,39.76242,-121.73659,6/15/19
508,2,254,46 Fire,33.985972,-117.414111,10/31/19
509,3,18,66 Fire,33.57039,-116.1466,5/29/19
510,4,79,Aborn Fire,37.32555556,-121.7644444,7/15/19
511,5,208,American Fire,38.165873,-122.211671,10/6/19
512,6,154,Antelope Fire,36.600167,-120.8405,9/2/19
513,7,35,Ardo Fire,35.97059,-120.88241,6/12/19
514,8,181,Bailey Fire,33.496633,-116.631106,9/10/19
515,9,186,Bar Fire,41.749667,-123.000833,9/15/19
516,10,188,Baseline Fire ,38.751648,-121.432636,9/20/19
517,11,187,Bautista Fire,33.635,-116.801111,9/15/19
518,12,132,Bayliss Fire,37.219717,-121.761974,8/15/19
519,13,22,Bear Fire,36.14246,-118.80582,6/3/19
520,14,233,Beaumont Fire,34.033117,-117.21545,10/21/19
521,15,14,Belmont Fire,35.30759,-119.96498,5/29/19
522,16,61,Bikeway Fire,37.469,-121.3697,7/5/19
523,17,223,Bitter Fire,35.709176,-120.312856,10/11/19
524,18,37,Bitter Fire ,35.57376,-120.11738,6/10/19
525,19,146,Border 10 Fire,32.557546,-116.873955,8/25/19
526,20,137,Border 8 Fire,32.573437,-116.658735,8/16/19
527,21,135,Border 9 Fire,32.57394,-116.760465,8/15/19
528,22,10,Border Fire,32.557566,-116.8663,5/13/19
529,23,70,Border Fire,32.566389,-116.7525,7/12/19
530,24,23,Boulder Fire,35.343761,-119.913717,6/5/19
531,25,207,Briceburg Fire,37.604638,-119.96606,10/6/19
532,26,184,Bridge Fire,37.492002,-120.401028,9/13/19
533,27,169,Broder Fire,36.151,-118.185,9/6/19
534,28,107,Browns Fire,38.3525,-121.123611,8/2/19
535,29,249,Burris Fire,39.22431,-123.12887,10/27/19
536,30,241,Cabrillo Fire,37.166674,-122.361112,10/24/19
537,31,34,Calaveras Fire ,37.44422,-121.84082,6/10/19
538,32,114,Caliente Fire,35.287373,-118.623651,8/5/19
539,33,106,Caliente Fire,32.575556,-117.026667,8/1/19
540,34,4,Cana Fire,39.83958,-121.957,4/30/19
541,35,17,Canyon Fire,37.45899,-121.22093,5/30/19
542,36,89,Canyon Fire,38.481258,-122.143942,7/22/19
543,37,224,Caples Fire,38.724,-120.145,10/11/19
544,38,149,Carroll Fire,37.718636,-121.657011,8/31/19
545,39,104,Carson Fire,38.757636,-120.75664,7/30/19
546,40,262,Cashe Fire ,38.734634,-121.729691,11/25/19
547,41,263,Cave Fire (No Longer a CAL FIRE Incident),34.5025,-119.785,11/25/19
548,42,200,Chaparral Fire,38.538467,-120.965105,9/29/19
549,43,20,Citrus Fire,36.18479,-118.99229,6/2/19
550,44,96,Community Fire,41.838,-122.845,7/27/19
551,45,255,Copper Fire,32.564583,-116.834583,10/31/19
552,46,213,Corning Fire ,39.847708,-122.1604,10/9/19
553,47,133,Cottage Fire,40.484329,-122.159393,8/15/19
554,48,156,Country Fire,38.898915,-120.946657,9/3/19
555,49,168,Cow Fire,36.284,-118.228,9/6/19
556,50,194,Cow Fire,40.612556,-122.039167,9/24/19
557,51,59,Coyote Fire,37.18904,-121.694968,7/2/19
558,52,150,Creek Fire,36.40193,-119.030621,8/31/19
559,53,212,Cross Fire,35.79069,-120.73102,10/9/19
560,54,246,Cypress Complex,37.99136,-121.64118,10/27/19
561,55,210,Dales Fire,40.314187,-122.070055,10/7/19
562,56,157,Deer Fire,37.178353,-122.07743,9/3/19
563,57,100,Dehesa Fire,32.767649,-116.796032,7/28/19
564,58,195,Dehesa Fire ,32.787656,-116.806941,9/24/19
565,59,204,Del Fire,37.429506,-121.336465,10/3/19
566,60,16,Diversion Fire,33.69078,-114.57265,5/30/19
567,61,76,Doyle Fire,40.072739,-120.158273,7/14/19
568,62,178,Duzel Fire,41.512917,-122.740333,9/7/19
569,63,52,Dyer Fire,38.73817,-121.39419,6/26/19
570,64,260,Eagle Fire,39.100408,-122.496548,11/5/19
571,65,216,Eagle Fire,33.827979,-117.499619,10/10/19
572,66,252,Easy Fire,34.282179,-118.803389,10/30/19
573,67,196,Electra Fire,38.332083,-120.67131,9/25/19
574,68,205,Elk Fire,41.70611111,-123.4375,10/4/19
575,69,229,Fairmont Fire,32.762706,-117.097441,10/15/19
576,70,65,Far Fire,39.06066,-121.35014,7/6/19
577,71,62,Fellow Fire,37.99837,-122.16201,7/5/19
578,72,111,Five Fire,34.677864,-118.752395,8/3/19
579,73,163,Flood Fire ,38.017138,-120.945044,9/5/19
580,74,13,Foothill Fire,33.81678,-117.18194,5/20/19
581,75,261,Foothills Fire,38.838992,-121.325842,11/25/19
582,76,171,Forbestown Fire,39.470333,-121.412333,9/6/19
583,77,250,Forest Fire,37.97911,-122.11092,10/27/19
584,78,161,Foster Fire ,36.732866,-121.39478,9/4/19
585,79,202,Frame Fire,36.154184,-120.634179,9/30/19
586,80,138,Gaines Fire,37.536069,-120.177018,8/16/19
587,81,251,Getty Fire ,34.098191,-118.478717,10/28/19
588,82,69,Gibbel Fire ,33.69055556,-116.953889,7/11/19
589,83,113,Gilbert Fire,40.55924,-122.25409,8/4/19
590,84,67,Gillis Fire,35.63111111,-120.2691667,7/8/19
591,85,160,Glass Fire,38.910498,-122.642572,9/4/19
592,86,248,Glencove Fire ,38.07205,-122.22463,10/27/19
593,87,119,Golf Fire,38.99174,-122.7751,8/8/19
594,88,83,Goose 2 Fire,41.909,-120.306,7/17/19
595,89,130,Greenstone Fire ,38.703889,-120.890556,8/14/19
596,90,231,Grove Fire,38.88913,-122.604425,10/17/19
597,91,122,Harte Fire,37.708743,-121.841879,8/9/19
598,92,124,Heavy Range Fire,39.171091,-121.423281,8/10/19
599,93,164,Henthorne Fire,40.062304,-123.222196,9/5/19
600,94,15,Hill Fire,36.66909,-119.3046,5/29/19
601,95,253,Hill Fire ,34.01778,-117.4625,10/30/19
602,96,256,Hillside Fire,34.183,-117.285,10/31/19
603,97,60,Hollow Fire,37.63206,-121.538382,7/3/19
604,98,73,Horse Fire,40.463936,-122.435492,7/12/19
605,99,226,Horse Fire,40.387772,-120.304341,10/13/19
606,100,142,Horse Fire,40.562,-120.544,8/24/19
607,101,185,Horseshoe Fire ,33.4853,-117.043723,9/14/19
608,102,134,Hunter Fire,37.532028,-120.208019,8/15/19
609,103,199,Hwy Fire,39.622137,-121.693472,9/28/19
610,104,214,Inghram Fire,39.847708,-122.160416,10/9/19
611,105,30,Ink Fire,38.63047,-122.47282,6/8/19
612,106,41,IronGate Fire,41.94622,-122.40157,6/16/19
613,107,144,Ivy Fire,33.77777348,-117.487578,8/25/19
614,108,145,Jamieson Fire,37.034183,-121.45597,8/25/19
615,109,75,Jasper Fire,39.631945,-119.769881,7/13/19
616,110,44,Jerry Fire,33.919507,-117.103765,6/21/19
617,111,227,Johnson Fire ,33.45148,-116.05898,10/14/19
618,112,151,Jolon Fire,35.906482,-120.992914,9/1/19
619,113,191,Kennedy Fire,33.900994,-117.170588,9/21/19
620,114,174,Kidder 2 Fire,41.4929742,-123.2129356,9/7/19
621,115,236,Kincade Fire,38.792458,-122.780053,10/23/19
622,116,112,La Barisa Fire,34.202883,-116.4449,8/3/19
623,117,66,Lake Fire,37.524378,-120.296551,7/8/19
624,118,102,Lake Fire,35.908333,-120.984167,7/29/19
625,119,28,Levee Fire,39.15641,-121.56363,6/8/19
626,120,173,Lime Fire,41.862237,-122.662258,9/7/19
627,121,71,Lincoln Fire,33.56938,-116.07896,7/12/19
628,122,211,Little Fire,37.606,-121.853,10/8/19
629,123,167,Lone Fire,41.748,-121.056,9/6/19
630,124,54,Long Fire,39.40972222,-121.0005556,6/28/19
631,125,143,Long Valley Fire ,39.892222,-120.029722,8/24/19
632,126,49,Lonoak Fire,36.28426,-120.94771,6/26/19
633,127,190,Lopez Fire,35.214364,-120.455883,9/21/19
634,128,126,Lower Fire,40.46968,-122.54364,8/12/19
635,129,43,Lumgrey Fire,39.28926,-121.85906,6/17/19
636,130,192,Lynette Fire,38.20177,-120.827386,9/22/19
637,131,80,Madera Fire ,37.016944,-119.934167,7/15/19
638,132,33,Malech Fire,37.21638,-121.70768,6/9/19
639,133,198,Mare Fire,38.07944444,-122.2561111,9/26/19
640,134,257,Maria Fire ,34.302212,-118.997115,10/31/19
641,135,110,Marsh Complex,37.908362,-121.872941,8/3/19
642,136,92,Marshview Fire,38.158333,-122.118889,7/24/19
643,137,58,Mayberry Fire ,39.32889,-121.23431,6/29/19
644,138,32,McMillan Fire,35.66318,-120.41128,6/12/19
645,139,180,McMurray Fire,34.630919,-120.187368,9/9/19
646,140,81,Meadow Fire,33.514658,-116.7884,7/16/19
647,141,109,Meadow Fire (Not a CAL FIRE incident),41.43783,-120.23976,8/2/19
648,142,57,Merced Fire ,37.312877,-120.242411,6/29/19
649,143,6,Meridian Fire,39.85484,-121.905,5/1/19
650,144,215,Merrill Fire,37.828267,-122.103867,10/10/19
651,145,105,Mesa Fire ,35.60989,-118.41204,7/31/19
652,146,72,Mid Fire,37.093243,-121.586846,7/12/19
653,147,103,Mill Fire,36.008889,-121.466944,7/30/19
654,148,244,Miller Fire,33.259861,-117.027333,10/25/19
655,149,90,Milpas Fire,34.42386,-117.10318,7/22/19
656,150,78,Milton Fire ,37.944751,-120.84372,7/15/19
657,151,242,Mines Fire,37.62782,-121.68598,10/24/19
658,152,153,Mines Fire,37.545167,-121.596667,9/2/19
659,153,51,Mines Fire,37.494136,-121.534827,6/26/19
660,154,91,Moms Fire ,39.423833,-121.579738,7/23/19
661,155,127,Moose Fire,39.005262,-123.195306,8/12/19
662,156,45,Mountain Fire,37.75427,-121.57382,6/21/19
663,157,140,Mountain Fire,40.715556,-122.241944,8/22/19
664,158,232,Mud Fire ,36.319291,-120.460189,10/18/19
665,159,238,Muir Fire,37.896231,-122.636471,10/24/19
666,160,239,Nelson Fire ,39.551423,-121.800538,10/24/19
667,161,25,Nelson Fire ,38.21416,-122.12214,6/7/19
668,162,53,Nuevo Fire,33.80493,-117.15738,6/27/19
669,163,228,Nustar Fire,38.045866,-122.245186,10/15/19
670,164,176,Oak Fire,38.955024,-122.833831,9/7/19
671,165,235,Oak Fire,33.351145,-117.403719,10/22/19
672,166,237,Old Water Fire,34.183624,-117.274276,10/24/19
673,167,225,Olivas Fire,34.23955,-119.20187,10/11/19
674,168,74,Orange fire,33.8128372,-117.1228851,7/13/19
675,169,55,Otay Fire,32.62305556,-116.9141667,6/29/19
676,170,234,Palisades Fire,34.055768,-118.554091,10/21/19
677,171,46,Paskenta Fire,39.97083,-122.48277,6/22/19
678,172,12,Paskenta Fire,39.98097,-122.30737,5/20/19
679,173,136,Patterson Fire,38.652475,-120.826165,8/15/19
680,174,139,Patterson Fire,37.71734,-121.55867,8/21/19
681,175,38,Pauma Fire,33.30267,-116.97772,6/10/19
682,176,0,Pilot Fire,40.61805556,-123.6755556,1/1/19
683,177,219,Plains Fire,40.4988,-122.19911,10/10/19
684,178,209,Point Fire ,37.066483,-121.219163,10/7/19
685,179,108,Prairie Fire ,38.622058,-121.114095,8/2/19
686,180,120,Preston Fire,37.949747,-120.420058,8/8/19
687,181,117,R-1 Fire,40.886677,-120.336977,8/7/19
688,182,148,R-1 Fire,40.593,-120.581,8/28/19
689,184,125,Radio Fire,33.909792,-117.004667,8/12/19
690,185,85,Rains Fire,37.420988,-121.371276,7/18/19
691,186,175,Rams Horn Fire,41.150392,-122.634108,9/7/19
692,187,63,Ranch Fire,40.41741,-122.767256,7/5/19
693,188,203,Ranch Fire,35.189783,-120.1755,10/1/19
694,189,259,Ranch Fire,40.036379,-122.637837,11/3/19
695,190,101,Range Fire,34.665699,-119.94974,7/28/19
696,191,245,Rawson Fire,40.00171,-122.25421,10/27/19
697,192,230,Real Fire,34.484722,-120.190833,10/17/19
698,193,217,Reche Fire,33.975405,-117.207068,10/10/19
699,194,162,Red Bank Fire,40.12,-122.64,9/5/19
700,195,183,Redwood Fire,33.854597,-117.270144,9/12/19
701,196,8,Refuge Fire,35.72057,-119.62762,5/7/19
702,197,189,Reservoir Fire,37.467744,-121.842751,9/21/19
703,198,48,Rock Fire,37.46577,-121.28312,6/26/19
704,199,40,Rocky Fire,41.64895,-122.35962,6/14/19
705,200,222,Saddle Ridge Fire,34.32988,-118.48161,10/10/19
706,201,147,Sage Fire,33.463991,-116.914799,8/27/19
707,202,29,Sand Fire,38.88978,-122.23922,6/8/19
708,203,218,Sandalwood Fire,33.9925,-117.059167,10/10/19
709,204,68,Sargent Fire,35.95191,-120.8092,7/9/19
710,205,243,Sawday Fire ,33.055124,-116.742508,10/25/19
711,206,1,Scott Fire,39.24678,-121.32399,6/25/19
712,207,47,Scott Fire,39.24678,-121.32399,6/24/19
713,208,116,Sellers Fire,37.968494,-121.678172,8/7/19
714,209,11,Shady Fire,33.650237,-116.172534,5/18/19
715,210,247,Sky Fire ,38.03545,-122.2241,10/27/19
716,211,152,Snail Fire,34.71011,-119.3547,9/1/19
717,212,64,Snowstorm Fire,40.679318,-120.392768,7/5/19
718,213,258,Sobrante Fire ,33.849906,-117.461363,11/1/19
719,214,165,South Fire,40.109,-122.789,9/5/19
720,215,77,South Fire ,34.366111,-118.96,7/14/19
721,216,131,Spring Fire ,39.088333,-122.309167,8/14/19
722,217,166,Springs Fire,37.826,-118.872,9/6/19
723,218,36,Springs Fire,35.89593,-118.94106,6/10/19
724,219,19,Spruce Fire,36.28001,-119.10974,6/1/19
725,220,98,Star Fire,33.997528,-117.769766,7/28/19
726,221,27,Stuhr Fire,37.25988,-121.09375,6/7/19
727,222,182,Stuhr Fire ,37.32585,-121.110146,9/11/19
728,223,9,Sugar Fire,39.11536,-120.76088,5/10/19
729,224,177,Swedes Fire,39.45296,-121.412619,9/7/19
730,225,93,Sweigert Fire ,37.433192,-121.807258,7/24/19
731,226,179,Sycamore Fire,33.9369,-117.3063,9/7/19
732,227,170,Taboose Fire,37.034,-118.345,9/6/19
733,228,88,Tejon Fire,34.9008333,-118.9183333,7/21/19
734,229,155,Telephone Fire,34.353667,-117.343833,9/2/19
735,230,159,Tenaja,33.528469,-117.273157,9/4/19
736,231,94,Thompson Fire ,35.004722,-120.435278,7/24/19
737,232,240,Tick Fire,34.472778,-118.368056,10/24/19
738,233,129,Timm Fire ,38.455,-121.969167,8/13/19
739,234,115,Toro Fire ,33.740219,-117.333728,8/5/19
740,235,95,Tree Fire,41.834366,-122.656569,7/27/19
741,236,50,Trinity Fire,40.41404,-122.66779,6/26/19
742,237,99,Tucker Fire,41.79591,-121.260305,7/28/19
743,238,193,Tulloch Fire,37.838333,-120.625556,9/23/19
744,239,97,Usal Fire,39.831762,-123.846013,7/27/19
745,240,87,Valley Fire,37.241427,-120.027731,7/21/19
746,241,84,Vista Fire,32.794768,-116.839743,7/17/19
747,242,7,Vulcan Fire,35.03855,-119.19454,5/3/19
748,243,121,W1 McDonald Fire,40.943799,-120.275298,8/8/19
749,244,158,Walker Fire,40.061389,-120.680556,9/4/19
750,245,123,Ward Fire,42.033,-122.175,8/9/19
751,246,201,Warren Fire,33.703546,-117.033598,9/30/19
752,247,26,Watt Fire,38.75263,-121.39259,6/7/19
753,248,42,Weisgarber Fire,33.39684,-117.29665,6/20/19
754,249,221,Wendy Fire,34.156389,-118.950833,10/10/19
755,250,31,West Butte Fire,39.28926,-121.85906,6/8/19
756,251,128,West Fire ,34.675542,-118.342239,8/13/19
757,252,82,Whiskey Fire,37.962557,-121.468074,7/16/19
758,253,86,Whiskey Fire,38.115224,-120.78068,7/18/19
759,254,197,Willow Fire,32.87833333,-116.88,9/25/19
760,255,24,Willow Fire,38.02503,-121.9763,6/6/19
761,256,206,Wilson Fire,39.613783,-123.458782,10/4/19
762,257,220,Wolf Fire,33.8615,-116.897333,10/10/19
763,258,56,Wolf Fire ,33.911,-116.980528,6/29/19
764,259,5,Woody Fire,35.65189,-118.92545,4/30/19
765,260,21,Yokohl Fire,36.23012,-118.85712,6/3/19
766,261,3,York Fire,35.81778,-120.09715,4/28/19
767,262,141,Yucca Fire,33.4506,-116.857817,8/22/19
768,0,0, Bridge Fire,40.774,-122.309,10/31/17
769,1,124, Cristianitos Fire,33.43513,-117.58252,6/28/17
770,2,68,26 Fire,37.12759,-120.0193,6/7/17
771,3,353,32 Fire,39.8255,-121.7127,9/25/17
772,4,365,36 Fire,40.20077,-122.24731,10/3/17
773,5,381,37 Fire,38.14242,-122.47301,10/9/17
774,6,303,4-10 Fire,41.64469,-120.31814,8/30/17
775,7,301,4-4 Fire,41.4844,-120.36659,8/30/17
776,8,25,41 Fire,36.90967,-119.79315,5/17/17
777,9,57,5 Fire,34.29931,-118.37539,6/3/17
778,10,4,66 Fire,33.56777,-116.08003,4/13/17
779,11,154,Alamo Fire,35.0179,-120.3223,7/6/17
780,12,121,Alvarado Fire,35.947,-120.87492,6/28/17
781,13,155,Antelope Fire,40.6361,-120.9643,7/6/17
782,14,21,Arrow Fire,35.21177,-119.87525,5/15/17
783,15,372,Atlas Fire (Southern LNU Complex),38.39206,-122.24367,10/8/17
784,16,150,Auberry Fire,36.95104,-119.65621,7/5/17
785,17,148,Axel Fire,38.7803,-120.97111,7/8/17
786,18,322,Bally Fire,36.99092,-121.59899,9/3/17
787,19,164,Banderilla Fire,37.65963,-120.34802,7/7/17
788,20,122,Battle Fire,41.85763,-121.29581,6/28/17
789,21,274,Beale Fire,39.1234,-121.32957,8/20/17
790,22,392,Bear Fire,37.18356,-122.07012,10/16/17
791,23,123,Ben Fire,37.3762,-119.9646,6/28/17
792,24,175,Benson Fire,40.29118,-122.42606,7/8/17
793,25,339,Berry Fire,40.98352,-121.81623,9/12/17
794,26,425,Bitterwater Fire,36.38109,-121.00391,11/25/17
795,27,40,Bitterwater Fire,36.35578,-120.99552,5/22/17
796,28,111,Black Fire,33.1683,-116.77342,6/25/17
797,29,267,Blaine Fire,33.98212,-117.30819,8/13/17
798,30,250,Blocksburg Fire,40.27582,-123.64281,8/3/17
799,31,370,Blue Fire,40.88516,-123.96844,10/8/17
800,32,289,Bodega Fire,38.26294,-122.71998,8/27/17
801,33,69,Bodfish Fire,35.59804,-118.47939,6/10/17
802,34,99,Bogus Fire,41.93006,-122.36545,6/18/17
803,35,93,Bolla Fire,40.32063,-122.83208,6/18/17
804,36,329,Border 9 Fire,32.59252,-116.61609,9/7/17
805,37,309,Border Fire,32.6001,-116.76997,9/1/17
806,38,251,Bottle Fire,38.94599,-122.81135,8/8/17
807,39,295,Bradley Fire,41.222,-122.27499,8/28/17
808,40,326,Bradley Fire,41.222,-122.292,8/28/17
809,41,22,Bravo Fire,35.41283,-118.84466,5/15/17
810,42,71,Breckenridge Fire,35.37351,-118.84134,6/9/17
811,43,130,Brewer Fire,39.08382,-121.06656,7/2/17
812,44,182,Bridge Fire,34.09773,-117.10567,7/14/17
813,45,162,Bryant Fire,34.07612,-117.06765,7/7/17
814,46,248,Bryant Fire,34.08492,-117.03826,8/3/17
815,47,344,Buck Fire,40.2275,-123.03583,9/12/17
816,48,413,Buffalo Fire,33.402411,-117.402445,10/17/17
817,49,314,Caldwell Fire,35.76,-118.406,9/1/17
818,50,253,Calgary Fire,35.70639,-118.47307,8/5/17
819,51,244,Camatta Fire,35.4403,-120.2913,8/2/17
820,52,26,Camp Fire,35.34541,-120.76464,5/18/17
821,53,387,Canyon 2 Fire,33.87041,-117.70975,10/9/17
822,54,87,Canyon Fire,33.950382,-116.884446,6/15/17
823,55,136,Canyon Fire,33.91806,-116.99321,7/3/17
824,56,263,Canyon Fire,38.49336,-122.2483,8/11/17
825,57,290,Canyon Fire,33.6444,-117.3968,8/27/17
826,58,358,Canyon Fire,33.8668,-117.68598,9/25/17
827,59,19,Canyon Fire,33.88466,-116.99229,5/14/17
828,60,377,Cascade Fire (Wind Complex),39.32198,-121.4021,10/8/17
829,61,308,Castaic Fire,34.52055,-118.62882,8/31/17
830,62,230,Castro Fire,36.96607,-121.55552,7/23/17
831,63,198,Centerville Fire,41.45589,-120.56933,7/17/17
832,64,44,Champagne Fire,34.87128,-118.35296,5/28/17
833,65,371,Cherokee Fire,39.62496,-121.52966,10/8/17
834,66,275,Chetco Fire,42.29896,-123.95405,7/12/17
835,67,254,Chilcoot Fire,39.75371,-120.1397,8/6/17
836,68,420,Chris Fire,38.46111,-119.48284,11/13/17
837,69,160,Christmas Fire,33.763304,-117.314994,7/7/17
838,70,426,Church Fire,32.64962,-116.37345,10/21/17
839,71,28,City Fire,35.983,-119.91508,5/18/17
840,72,52,Clay Fire,38.33707,-121.11113,6/1/17
841,73,209,Clear Complex (merged into Eclipse Complex),41.702,-123.508,7/25/17
842,74,304,Coalinga Fire,36.36113,-120.32685,8/30/17
843,75,433,Coast Fire,34.605358,-120.414875,12/14/17
844,76,272,Corner Fire,40.92602,-121.5935,8/17/17
845,77,268,Coronado Fire,37.62823,-120.30046,8/13/17
846,78,348,Corral Fire,37.63358,-121.49925,9/19/17
847,79,258,Country Fire,35.86596,-120.64584,8/7/17
848,80,325,Cove Fire,35.76343,-121.04445,9/23/17
849,81,107,Creek Fire,36.27306,-120.65185,6/23/17
850,82,416,Creek Fire,34.31283,-118.35863,12/5/17
851,83,312,Creek Fire,38.12,-119.941,9/3/17
852,84,207,Creek Fire,39.75425,-122.17657,7/19/17
853,85,58,Creek Fire ,35.60633,-118.4642,6/4/17
854,86,159,Daulton Fire,37.09773,-120.02027,7/7/17
855,87,165,Deer Complex,37.87808,-121.78677,7/8/17
856,88,33,Deluz Fire,33.3906,-117.32348,5/19/17
857,89,134,Derrick Fire,36.269125,-120.620791,7/2/17
858,90,132,Desabla Fire,39.8629,-121.6268,7/2/17
859,91,193,Detwiler Fire,37.61757,-120.21321,7/16/17
860,92,352,Dexter Fire,37.76888,-120.15846,9/20/17
861,93,67,Dinely Fire,36.45809,-118.87676,6/7/17
862,94,168,Dode Fire,41.72163,-121.30451,7/13/17
863,95,224,Dollar Fire,34.20152,-117.14466,7/22/17
864,96,82,Douglas Fire,33.23281,-117.29509,6/13/17
865,97,432,Drum Fire,34.71796,-120.27077,12/16/17
866,98,145,Eagle Fire,33.85323,-117.48195,7/4/17
867,99,346,Eastman Fire,37.14624,-120.015509,9/18/17
868,100,277,Eclipse Complex,41.841,-123.474,8/15/17
869,101,279,Eclipse Fire,32.65003,-116.42907,8/21/17
870,102,356,Edwards Fire,37.77982,-122.169,9/26/17
871,103,7,El Dorado Fire,36.530836,-120.206592,4/28/17
872,104,220,Elephant Fire,36.22265,-119.06598,7/20/17
873,105,54,Elk Fire,35.188,-119.2877,6/2/17
874,106,311,Ellie Fire,33.73547,-117.33364,9/10/17
875,107,205,Ellis Fire,33.75526,-117.25075,7/18/17
876,108,27,Elm Fire,36.12089,-120.37116,5/18/17
877,109,269,Empire Fire,37.644,-119.618,8/1/17
878,110,354,Estate Fire,38.4446,-122.0041,9/23/17
879,111,333,Eureka Fire,39.75312,-120.75485,9/5/17
880,112,102,Evans Fire,39.71101,-120.02325,6/19/17
881,113,402,Extension Fire,33.8826,-117.00589,10/23/17
882,114,53,Fairview Fire,33.94788,-116.59719,6/1/17
883,115,412,Fallon Fire,37.7393,-121.85663,10/17/17
884,116,235,Falls Fire,37.65986,-120.31157,8/1/17
885,117,178,Farad Fire,39.439722,-120.027222,7/10/17
886,118,147,Fay Fire,41.3975,-122.8428,7/5/17
887,119,12,Fay Fire,35.71704,-118.30601,5/1/17
888,120,20,Feed Fire,35.05076,-118.90004,5/14/17
889,121,179,Felipe Fire,37.25014,-121.68562,7/10/17
890,122,63,Fish Fire,37.86549,-122.2102,6/5/17
891,123,287,Flat Fire,36.93332,-119.43376,8/26/17
892,124,368,Fort Fire,38.51937,-123.24713,10/7/17
893,125,50,Fountain Fire ,35.89423,-119.00334,5/31/17
894,126,200,Fox Fire,36.18815,-118.78928,7/17/17
895,127,140,Freedom Fire,36.81476,-119.51592,7/4/17
896,128,369,Freeway Fire,40.24789,-122.255,10/8/17
897,129,403,Freeway Fire,34.13534,-117.4982,10/24/17
898,130,345,French Fire,38.5758,-120.915,9/17/17
899,131,397,Garden Fire,39.06414,-121.13737,10/10/17
900,132,239,Garden Fire,35.543,-118.654,7/30/17
901,133,176,Garza Fire,35.93273,-120.20014,7/9/17
902,134,34,Gate Fire,32.65597,-116.80527,5/20/17
903,135,146,Globe Fire,36.10858,-118.81979,7/5/17
904,136,151,Gold Fire,38.20176,-120.67848,7/5/17
905,137,211,Gorman Fire,34.792882,-118.851943,7/28/17
906,138,2,Grace Fire,40.48712,-121.85645,4/3/17
907,139,192,Grade Fire,39.30125,-123.28825,7/16/17
908,140,143,Grade Fire,34.20599,-118.98603,7/4/17
909,141,347,Grape Fire,39.02482,-123.1362,9/19/17
910,142,234,Greenhorn Fire,39.16826,-120.95498,7/27/17
911,143,218,Grizzly Fire,39.36902,-120.97586,7/21/17
912,144,156,Hawk Fire,35.77896,-118.89627,7/7/17
913,145,306,Helena - Fork Fire,40.76025,-123.10003,8/30/17
914,146,188,Hidden Fire,34.149,-117.189,7/12/17
915,147,231,High Fire,34.41204,-117.03031,7/23/17
916,148,105,Highway Fire,39.364,-121.4143,6/22/17
917,149,97,Highway Fire,35.53456,-118.66733,6/18/17
918,150,237,Hill Fire,41.9808,-121.9741,7/29/17
919,151,291,Hill Fire,36.7279,-119.28241,8/27/17
920,152,114,Hill Fire,35.4025,-120.4992,6/26/17
921,153,273,Hills Fire,33.87679,-117.00258,8/19/17
922,154,72,Hog Fire,35.80375,-120.52508,6/9/17
923,155,206,Hogback Fire,36.64404,-118.99944,7/18/17
924,156,101,Holcomb Fire,34.2976,-116.826,6/19/17
925,157,340,Hole Fire,41.98128,-124.01168,9/12/17
926,158,435,Holiday Fire,38.869036,-119.61865,12/28/17
927,159,177,Honcut Fire,39.37192,-121.53865,7/10/17
928,160,386,Honey Fire,39.74679,-121.67261,10/9/17
929,161,313,Hopper Fire,40.71923,-122.02525,9/1/17
930,162,351,Huasna Fire,35.12269,-120.39387,9/20/17
931,163,16,Hub Fire,35.60001,-118.4683,5/12/17
932,164,203,Hudson Fire,34.94373,-119.44751,7/18/17
933,165,214,Humboldt Fire,39.76243,-121.74121,7/19/17
934,166,201,I-5 Fire,36.05187,-120.05404,8/24/17
935,167,398,Ice Fire,38.77921,-120.46234,10/10/17
936,168,240,Independence Fire,38.70289,-122.90217,7/31/17
937,169,278,Indian Fire,36.257,-118.296,8/2/17
938,170,70,Island Fire,32.779139,-114.578415,6/9/17
939,171,216,Jacksonville Fire,37.905545,-120.408135,7/29/17
940,172,11,Jameson Fire,33.7866,-117.5048,4/30/17
941,173,355,Jasper Fire,39.03168,-121.40947,9/26/17
942,174,5,Jayne Fire,36.07228,-120.26561,4/20/17
943,175,183,Jennings Fire,32.84796,-116.85396,7/11/17
944,176,367,Jones Fire,40.70627,-122.24199,10/8/17
945,177,55,Jones Fire,41.38247,-120.53443,6/3/17
946,178,283,Juniper Fire,36.099681,-120.443545,8/23/17
947,179,141,Jurupa Fire,33.99316,-117.48405,7/4/17
948,180,113,King Fire,40.703775,-122.645079,6/26/17
949,181,83,King Fire,35.8556,-118.74542,6/13/17
950,182,109,King Incident,36.51912,-119.50606,6/23/17
951,183,144,Klamath Fire,41.86609,-122.73031,7/4/17
952,184,315,La Tuna Fire ,34.22957,-118.2674,9/1/17
953,185,376,LaPorte Fire (Wind Complex),39.39455,-121.40613,10/9/17
954,186,137,Lago Fire,33.87739,-117.16215,7/3/17
955,187,92,Lake Fire,34.55607,-118.60703,6/17/17
956,188,149,Lake Fire,37.64898,-120.4925,7/8/17
957,189,142,Lakeland Fire,39.53944,-121.54722,7/4/17
958,190,361,Lakewood Fire,35.59302,-118.46734,9/29/17
959,191,43,Lamb Fire,33.88287,-116.99651,5/25/17
960,192,94,Lambs Fire,33.90965,-116.9669,6/18/17
961,193,238,Largo Fire,38.538332,-121.039267,7/30/17
962,194,185,Lariat Fire,37.39801,-121.8179,7/11/17
963,195,221,Latrobe Fire,38.5181,-121.104,7/26/17
964,196,115,Latrobe Fire,38.45822,-120.92162,6/27/17
965,197,204,Laverne Fire,40.47106,-122.43608,7/18/17
966,198,429,Liberty Fire,33.59257,-117.14979,12/7/17
967,199,428,Lilac Fire,33.3237,-117.163,12/7/17
968,200,331,Linne Fire,35.5956,-120.56068,9/26/17
969,201,359,Lion Fire,36.27138,-118.48555,9/27/17
970,202,131,Lisa Fire,33.913089,-117.096233,7/2/17
971,203,401,Little Mountain Fire,34.16564,-117.33334,12/5/17
972,204,233,Live Fire,40.1583,-122.3209,7/28/17
973,205,385,Lobo Fire (Wind Complex),39.24549,-121.12792,10/9/17
974,206,126,Lockwood Fire,35.96275,-121.08753,6/29/17
975,207,421,Loma Fire,33.38613,-117.46709,10/13/17
976,208,47,Lombardi Fire,38.19906,-120.83484,5/28/17
977,209,106,Lone Fire,39.38416,-121.5786,6/22/17
978,210,407,Long Fire,39.0199,-122.57487,10/14/17
979,211,184,Long Valley Fire,40.07045,-120.14013,7/11/17
980,212,430,Longhorn Fire,33.88994,-116.91023,12/13/17
981,213,24,Lonoak Fire,36.2771,-120.94328,5/17/17
982,214,225,Lost Fire,33.34659,-116.66107,7/22/17
983,215,85,Lucy Fire,35.6871,-120.3187,6/14/17
984,216,405,Lynch Fire,35.78616,-120.96514,10/13/17
985,217,30,Manning Fire,36.60736,-120.5828,5/19/17
986,218,112,Manzanita Fire,33.530045,-116.594422,6/26/17
987,219,223,Marble Fire,41.478,-123.506,7/19/17
988,220,319,Margarita Fire,35.31886,-120.50886,9/3/17
989,221,197,Maria Fire,38.29113,-120.62177,7/17/17
990,222,307,Marlborough Fire,34.015742,-117.337331,8/31/17
991,223,118,Mart Fire,34.14575,-117.17813,6/27/17
992,224,49,Matz Fire,34.04412,-116.55326,5/29/17
993,225,378,McCourtney Fire (Wind Complex),39.19325,-121.08406,10/9/17
994,226,362,Melba Fire,33.74925,-117.10301,9/29/17
995,227,181,Mesa Fire,34.72379,-120.13249,7/17/17
996,228,400,Meyers Fire,34.21829,-117.40625,12/5/17
997,229,271,Mias Fire,33.95036,-116.88066,8/14/17
998,230,241,Mile Fire,34.19076,-117.26969,7/31/17
999,231,337,Miller Complex,42.039,-123.218,8/14/17
1000,232,305,Miller Fire,40.03697,-123.64214,8/31/17
1001,233,321,Mills File,40.13278,-120.9204,9/3/17
1002,234,414,Milton Fire,37.89532,-120.84748,10/18/17
1003,235,215,Minerva Fire,39.9034,-120.9761,7/29/17
1004,236,288,Mines Fire,37.56181,-121.56425,8/27/17
1005,237,36,Ming Fire,35.4605,-118.85896,5/20/17
1006,238,316,Mission Fire,37.21616,-119.48067,9/3/17
1007,239,77,Monterey Fire,36.616986,-120.369347,6/11/17
1008,240,284,Montezuma Fire,33.20988,-116.46989,8/26/17
1009,241,29,Moraga Fire,33.97155,-117.44148,5/18/17
1010,242,37,Moreno Fire,33.94673,-117.17773,5/23/17
1011,243,298,Mud Fire,40.43962,-120.22215,8/29/17
1012,244,320,Mule Fire,39.01748,-122.49327,9/5/17
1013,245,349,Murphy Fire,36.24653,-120.31598,9/19/17
1014,246,199,Murphy Fire,38.86056,-122.62382,7/17/17
1015,247,18,Nacimiento Fire,35.77082,-120.92482,5/14/17
1016,248,190,Navajo Fire,33.77896,-117.24091,7/13/17
1017,249,166,North Fire,40.48972,-122.38619,7/15/17
1018,250,88,Nuevo Fire,33.79925,-117.11659,6/15/17
1019,251,264,Nuevo Fire,33.797216,-117.124538,8/13/17
1020,252,374,Nuns / Adobe / Norrbom/ Pressley / Partrick Fires / Oakmont (Central LNU Complex),38.4041,-122.5209,10/8/17
1021,253,129,Oak Fire,40.69554,-122.0122,7/1/17
1022,254,427,Oak Fire,34.035344,-116.940661,11/29/17
1023,255,408,Oakmont Fire (Central LNU Complex),38.46123,-122.58152,10/14/17
1024,256,73,Oakwood Fire,37.0825,-119.8011,6/10/17
1025,257,13,Olive Fire,35.78286,-120.22647,5/2/17
1026,258,228,Olive Fire,35.7751,-120.23656,7/24/17
1027,259,10,Opera Fire,34.00566,-117.30693,4/30/17
1028,260,103,Orange Fire,37.82934,-120.68992,6/21/17
1029,261,169,Orleans Complex,41.59,-123.501,7/26/17
1030,262,1,Oroville Spillway ,39.51158,-121.55633,2/7/17
1031,263,299,Owens Fire,41.99483,-121.90077,8/29/17
1032,264,341,Pacific Fire,39.44257,-121.60683,9/12/17
1033,265,422,Palm Fire,33.90327,-116.50151,11/14/17
1034,266,318,Palmer Fire,33.97471,-117.09984,9/2/17
1035,267,48,Panoche Fire,36.61332,-120.7109,5/28/17
1036,268,195,Park Fire,35.95911,-120.55579,7/17/17
1037,269,281,Parker 2 Fire,41.466,-120.321,8/3/17
1038,270,174,Parkfield Fire,35.86949,-120.57894,7/8/17
1039,271,317,Parkfield Fire,36.09486,-120.52189,9/3/17
1040,272,375,Partrick Fire (Central LNU Complex),38.31802,-122.39052,10/8/17
1041,273,108,Paskenta Fire,40.10282,-122.27379,6/24/17
1042,274,262,Paskenta Fire ,39.87983,-122.5415,8/10/17
1043,275,323,Peak Fire,37.37397,-119.83556,9/3/17
1044,276,285,Peg Fire,40.80968,-120.48641,8/26/17
1045,277,294,Pier Fire,36.15356,-118.74103,8/29/17
1046,278,64,Pine Fire,35.564124,-118.796513,6/5/17
1047,279,116,Pine Fire,37.9775,-122.65749,6/27/17
1048,280,332,Pine Fire,36.17297,-120.87609,9/11/17
1049,281,23,Pine Fire,36.1727,-120.86682,5/16/17
1050,282,212,Placentia Fire,33.81976,-117.18552,7/28/17
1051,283,110,Placerita Fire,34.37443,-118.49343,6/25/17
1052,284,302,Pleasant Fire,39.34292,-121.12004,8/30/17
1053,285,76,Pleyto Fire,35.902149,-120.983684,6/11/17
1054,286,391,Pocket Fire (Central LNU Complex),38.76549,-122.90939,10/9/17
1055,287,380,Point Fire,38.40234,-120.52953,10/9/17
1056,288,357,Poly Fire,35.3024,-120.65279,9/26/17
1057,289,296,Ponderosa Fire,39.57701,-121.30209,8/29/17
1058,290,399,Portola Fire,33.50488,-117.02132,10/10/17
1059,291,256,Poslin Fire,39.888,-120.066,8/6/17
1060,292,350,Power Fire,36.94652,-120.90462,9/20/17
1061,293,382,Pozo Fire,35.28738,-120.44448,10/9/17
1062,294,409,Pressley Fire (Central LNU Complex),38.36685,-122.64001,10/9/17
1063,295,153,Quail Fire,35.59904,-119.08312,7/6/17
1064,296,186,Quail Fire,38.18303,-120.85322,7/12/17
1065,297,395,Quarry Fire,35.19008,-118.76152,10/12/17
1066,298,104,Quimby Fire,37.33454,-121.76323,6/21/17
1067,299,324,R-4 Fire,40.69573,-119.93499,8/30/17
1068,300,297,Railroad Fire,37.44663,-119.64622,8/29/17
1069,301,364,Ramblin Fire,37.41231,-119.87465,10/3/17
1070,302,219,Ranch Fire,38.559707,-120.70013,7/26/17
1071,303,120,Ranch Fire,37.3344,-121.71752,6/29/17
1072,304,42,Range Fire,33.34988,-117.39818,5/25/17
1073,305,282,Range Fire,37.72543,-121.90516,8/22/17
1074,306,32,Range Fire,35.85253,-120.80411,5/19/17
1075,307,194,Range Fire,39.13207,-123.10227,7/17/17
1076,308,330,Rattlesnake Fire,37.73596,-119.78256,9/7/17
1077,309,180,Rebie Fire,39.50475,-121.33785,7/12/17
1078,310,79,Red Fire,37.85137,-120.45268,6/11/17
1079,311,245,Red Fire,35.40357,-120.28037,8/2/17
1080,312,379,Redwood Valley Fire (Mendocino Lake Complex),39.24873,-123.16635,10/8/17
1081,313,257,Reed Fire,33.57139,-116.8247,8/7/17
1082,314,84,Reed Fire,33.52584,-116.85226,6/13/17
1083,315,75,Refuge Fire,38.68347,-122.2654,6/13/17
1084,316,191,Reservation Fire,36.66684,-121.74826,7/16/17
1085,317,39,Ribbonwood Fire,32.679,-116.29296,5/24/17
1086,318,366,Ridge Fire,39.15016,-122.576,10/6/17
1087,319,249,Rincon Fire,34.23925,-117.85182,8/3/17
1088,320,61,River Fire,40.03392,-120.1064,6/4/17
1089,321,394,River Fire,40.46836,-123.51619,10/14/17
1090,322,434,Riverbottom Fire,33.9885,-117.38417,12/21/17
1091,323,418,Riverdale Fire,33.96514,-117.4764,12/4/17
1092,324,96,Road Fire,37.02081,-119.95136,6/18/17
1093,325,208,Roadrunner Fire,36.0226,-118.94252,7/30/17
1094,326,35,Rocky Fire,35.556667,-120.474,5/20/17
1095,327,404,Rolling Fire,35.3091,-118.701,10/15/17
1096,328,173,Rosado Fire,38.67474,-121.06088,7/12/17
1097,329,242,Rose Fire,33.689092,-117.396404,7/31/17
1098,330,260,Rose Fire,34.92907,-118.9267,8/10/17
1099,331,419,Roser Fire,39.81517,-122.28165,11/2/17
1100,332,360,Rucker Fire,34.67403,-120.4393,9/29/17
1101,333,45,Rusty Fire,36.96642,-119.58292,5/28/17
1102,334,259,Ruth Complex,40.17598,-123.36882,8/7/17
1103,335,415,Rye Fire,34.45283,-118.58188,12/5/17
1104,336,158,Salmon-August Complex ,41.841,-123.474,6/25/17
1105,337,196,Sand Fire,39.01224,-122.20127,7/17/17
1106,338,293,Sandra Fire,38.34421,-120.72274,8/28/17
1107,339,243,Sandy Fire,40.79902,-123.39253,8/2/17
1108,340,327,Sandy Fire,40.804,-123.375,8/2/17
1109,341,247,Saw Fire,40.11794,-123.76099,8/3/17
1110,342,226,Seine Fire,34.139,-117.199,7/22/17
1111,343,46,Serenas Fire,33.58577,-116.07429,5/28/17
1112,344,14,Shandon Fire,35.6879,-120.3317,5/7/17
1113,345,334,Shaver Fire,37.10067,-119.32109,9/11/17
1114,346,62,Shirleon Fire ,33.87107,-116.88097,6/4/17
1115,347,119,Shore Fire,41.93323,-124.19629,6/26/17
1116,348,91,Shore Fire,35.90092,-120.93371,6/16/17
1117,349,139,Silver Fire,34.304722,-117.3125,7/4/17
1118,350,390,Silver Fire,36.7528,-119.2288,10/11/17
1119,351,338,Skeggs Fire,37.41591,-122.3001,9/11/17
1120,352,335,Skeleton Fire,39.44543,-122.85194,9/12/17
1121,353,431,Skirball Fire,34.09454,-118.48178,12/6/17
1122,354,236,Sky Fire,40.69259,-122.17384,7/29/17
1123,355,89,Skyway Fire,39.69717,-121.75417,6/16/17
1124,356,343,Slides Fire,39.42604,-123.03344,9/12/17
1125,357,300,Slinkard Fire,38.655,-119.55425,8/29/17
1126,358,117,Sloane Fire,32.7789,-116.8516,6/27/17
1127,359,41,Smiley Fire,33.96419,-117.20507,5/21/17
1128,360,95,Smiley Fire,33.98639,-117.21314,6/18/17
1129,361,336,Soda Fire,40.07613,-121.56858,9/28/17
1130,362,424,Soda Fire,35.41112,-120.00353,10/20/17
1131,363,6,Soledad Fire,36.44141,-121.34695,4/24/17
1132,364,15,Sonoma Fire,36.45491,-120.2445,5/10/17
1133,365,270,South Fork Fire,37.538,-119.598,8/14/17
1134,366,189,Spaletta Fire,38.08055,-122.77846,7/12/17
1135,367,229,Spenceville Fire,39.06522,-121.3519,7/24/17
1136,368,133,Spring Fire,37.4591,-119.921,7/2/17
1137,369,60,Spring Fire ,40.38944,-122.13088,6/4/17
1138,370,90,Springs Fire,33.939428,-117.138741,6/16/17
1139,371,252,Stewart Fire,34.009026,-117.239099,8/4/17
1140,372,128,Stokes Fire,34.10446,-118.70294,6/29/17
1141,373,170,Stone Fire,35.42433,-120.47322,7/9/17
1142,374,384,Sulphur Fire (Mendocino Lake Complex),39.01387,-122.64543,10/8/17
1143,375,310,Summit Complex,38.329,-119.782,7/31/17
1144,376,202,Sway Fire,40.39799,-123.57562,8/1/17
1145,377,406,Table Fire,38.848,-120.287,10/13/17
1146,378,328,Table Fire,37.896778,-120.504134,9/19/17
1148,380,383,Tank Fire,35.21556,-118.56578,10/26/17
1149,381,125,Tarina Fire ,35.38298,-118.80123,6/30/17
1150,382,389,Tehama Fire,40.02261,-121.91425,10/26/17
1151,383,417,Thomas Fire,34.41521,-119.09124,12/4/17
1152,384,261,Tilton Fire,37.14653,-121.68165,8/11/17
1153,385,135,Timber Fire,33.96896,-117.25411,7/3/17
1154,386,363,Timm Fire,38.43658,-121.97233,10/2/17
1155,387,78,Tivy Fire,36.8005,-119.35901,6/11/17
1156,388,100,Toll Fire,38.07481,-122.23004,6/22/17
1157,389,276,Toll Fire,39.9864,-120.89746,8/20/17
1158,390,127,Topanga Fire,34.03941,-118.58624,6/29/17
1159,391,9,Tower Fire,34.30104,-117.45646,4/30/17
1160,392,163,Tower Fire,35.346,-120.62825,7/7/17
1161,393,292,Translator Fire,41.02705,-123.63721,8/28/17
1162,394,98,Trellis Fire,33.71025,-117.31924,6/18/17
1163,395,373,Tubbs Fire (Central LNU Complex),38.60895,-122.62879,10/8/17
1164,396,8,Tumey Fire,36.5355,-120.6585,4/29/17
1165,397,51,Twenty Fire,39.23205,-121.376,5/29/17
1166,398,210,Twist Fire,37.90014,-120.36005,7/30/17
1167,399,138,Valley Fire,36.85596,-121.30983,7/4/17
1168,400,80,Valley Fire,33.584036,-116.972036,6/13/17
1169,401,56,Vernon Fire,33.82165,-116.96079,6/3/17
1170,402,286,Vestal Fire,40.29831,-122.70449,8/26/17
1171,403,423,Vista Fire,34.34949,-119.30918,10/24/17
1172,404,255,W-2 Fire,41.11989,-120.74968,8/6/17
1173,405,161,Wall Fire,39.45352,-121.41222,7/7/17
1174,406,266,Ward Fire,41.99279,-122.9401,8/13/17
1175,407,246,Warner Mountain Lightning,41.338,-120.304,7/23/17
1176,408,187,Washington Fire,33.62613,-117.07975,7/13/17
1177,409,38,Wasioja Fire,34.9465,-119.8036,5/20/17
1178,410,222,Weller Fire,37.44485,-121.84108,7/26/17
1179,411,172,West Fire,39.06308,-121.303,7/8/17
1180,412,3,West Fire,41.16716,-120.58342,4/3/17
1181,413,86,Westfall Fire,37.36914,-120.0088,6/15/17
1182,414,66,Whitepine Fire,41.8721,-122.4571,6/6/17
1183,415,167,Whittier Fire,34.55096,-119.9494,7/8/17
1184,416,65,Wilbur Fire,39.52499,-121.64897,6/6/17
1185,417,74,Wild Fire,36.704679,-120.405077,6/11/17
1186,418,388,Wildomar Fire,33.60247,-117.34192,10/26/17
1187,419,213,Willms Fire,37.81827,-120.65764,7/18/17
1188,420,171,Willow Fire,38.02929,-122.25544,7/8/17
1189,421,396,Wilson Fire,33.18716,-116.50897,10/15/17
1190,422,393,Wilson Fire,34.22551,-118.05545,10/17/17
1191,423,152,Winters Fire,38.49521,-122.0251,7/6/17
1192,424,227,Woodland Fire,38.69775,-120.73757,7/25/17
1193,425,17,Wright Fire,36.96655,-120.89261,5/12/17
1194,426,265,Yankee Fire,35.7908,-120.77485,8/11/17
1195,427,410,York Fire,36.5858,-121.80377,10/15/17
1196,428,280,Young Fire,41.853,-123.676,8/7/17
1197,429,217,Zenon Fire,35.06472,-120.5634,7/20/17
1198,0,160,3-10 Fire,40.95234,-121.21597,7/15/18
1199,1,164,3-16 Fire,40.94666,-121.27049,7/15/18
1200,2,163,3-18 Fire,41.08583,-121.05722,7/15/18
1201,3,158,3-2 Fire,39.99309,-120.02137,7/14/18
1202,4,78,70 Fire,39.602703,-121.617698,6/14/18
1203,5,35,70th Fire,33.53924,-116.10231,5/28/18
1204,6,297,Adams Fire,40.346652,-122.308479,11/5/18
1205,7,53,Adobe Fire,32.78031,-117.06782,6/3/18
1206,8,27,Ager Fire,41.791859,-122.513883,5/19/18
1207,9,30,Agua Fire,33.35505,-117.03134,5/22/18
1208,10,57,Airline Fire,36.40755,-120.99322,6/4/18
1209,11,234,Alhambra Fire,37.99618,-122.14097,8/17/18
1210,12,44,Aliso Fire,33.55132,-117.72044,6/2/18
1211,13,18,Alpha Fire,33.389425,-117.502405,5/4/18
1212,14,114,Anchor Fire,36.696879,-119.304499,6/27/18
1213,15,66,Apple Fire,39.94355,-122.3571,6/9/18
1214,16,0,Aqueduct Fire,35.92436,-119.94083,4/12/18
1215,17,203,Balch Fire,36.21634,-118.82989,7/27/18
1216,18,96,Bascom Fire,40.52909,-122.17457,6/23/18
1217,19,65,Bear Fire,37.33924,-120.24315,6/7/18
1218,20,309,Bear Fire ,37.12857,-122.12036,11/16/18
1219,21,71,Beaver Fire,36.37532,-120.862579,6/12/18
1220,22,29,Bellagio Fire,38.16303,-122.23059,5/21/18
1221,23,173,Ben Fire,37.28365,-119.97546,7/19/18
1222,24,125,Benton Fire,33.56349,-116.732032,7/4/18
1223,25,47,Black Fire,39.80827,-122.3307,6/3/18
1224,26,265,Boot Fire,38.347395,-119.45186,9/4/18
1225,27,168,Border Fire,32.557566,-116.8663,7/17/18
1226,28,153,Box Fire,34.22526,-117.40967,7/6/18
1227,29,83,Boyer Fire,37.47677,-119.84299,6/15/18
1228,30,205,Breckenridge Fire,35.387408,-118.817934,7/27/18
1230,32,138,Bridle Fire,37.06367,-121.53586,7/6/18
1231,33,77,Bridle Fire,33.524412,-116.821724,6/14/18
1232,34,307,Briggs Fire,34.30166667,-119.0991667,11/15/18
1233,35,150,Bruce Fire,37.79718,-121.85311,7/8/18
1234,36,295,Brushy Fire,39.62194,-123.28774,11/8/18
1235,37,130,Buckingham Fire,37.86339,-122.12351,7/2/18
1236,38,131,Building Fire,32.619855,-116.764733,7/6/18
1237,39,218,Bumper Fire,38.645,-120.874167,8/1/18
1238,40,212,Butte Fire,39.186144,-121.792885,7/31/18
1239,41,251,Cache Fire,39.02017,-122.57496,8/26/18
1240,42,244,Call Fire,35.51777778,-118.6525,8/18/18
1241,43,291,Camino Fire,35.17693,-120.48861,10/19/18
1242,44,296,Camp Fire,39.8134,-121.4347,11/8/18
1243,45,167,Camp Fire,35.70086,-120.97339,7/17/18
1244,46,101,Canyon Fire,34.53765,-118.75495,6/23/18
1245,47,178,Carder Fire,38.91152,-122.86854,7/21/18
1246,48,184,Carr Fire,40.65428,-122.62357,7/23/18
1247,49,217,Casner Fire,33.05737,-116.77154,8/6/18
1248,50,243,Castro Fire,37.69926,-122.02805,8/26/18
1249,51,271,Charlie Fire,34.48229,-118.60858,9/22/18
1250,52,118,Cherry Fire,41.83359,-122.99272,6/27/18
1251,53,87,China Fire,38.265645,-120.892404,6/17/18
1252,54,36,Chrome Fire,39.65578,-122.58666,5/28/18
1253,55,67,Chrome Fire,39.64978,-122.58218,6/9/18
1254,56,190,Church Fire,37.07793,-121.600023,7/25/18
1255,57,174,Cinnamon Fire,33.04898,-116.78928,7/20/18
1256,58,239,Cloverdale Fire,33.0971179,-117.0242529,8/13/18
1257,59,33,Cobble Fire,36.75581,-119.42172,5/26/18
1258,60,46,Coldwell Fire,36.10499,-120.55324,6/2/18
1259,61,273,Copper Fire,40.33642,-120.93005,9/22/18
1260,62,215,Corner Fire,40.95673,-121.6002,7/29/18
1261,63,154,Cornerstone Fire,37.19817,-119.80414,7/9/18
1262,64,181,Country Fire,37.449425,-121.88807,7/22/18
1263,65,249,Country Fire,33.97902,-117.20534,8/25/18
1264,66,124,County Fire,38.80583,-122.18183,6/30/18
1265,67,104,Creek Fire,40.50318,-122.42308,6/24/18
1266,68,85,Creek Fire,38.886518,-122.476381,6/16/18
1267,69,200,Creek Fire,37.533026,-121.79733,8/4/18
1268,70,123,Creek Fire,34.17711,-117.15381,6/30/18
1269,71,95,Creek Fire,35.05747,-120.39295,6/21/18
1270,72,188,Crestline Fire,40.824,-121.90215,7/24/18
1271,73,79,Creston FIre,35.58354,-120.624135,6/14/18
1272,74,170,Cruces Fire,34.54305556,-120.3180556,7/18/18
1273,75,144,Curie Fire,37.22545,-121.79189,7/10/18
1274,76,156,Dale Fire,40.33682,-121.93908,7/9/18
1275,77,143,Dark Fire,39.66492,-121.51772,7/10/18
1276,78,258,Delta Fire,40.9425,-122.43,9/5/18
1277,79,90,Dinosaur Fire,37.05876,-121.176354,6/17/18
1278,80,208,Donnell Fire,38.349,-119.929,8/1/18
1279,81,136,Eagle Fire,41.29363,-120.11461,7/13/18
1280,82,281,Eagle Fire,36.938674,-119.3127769,10/2/18
1281,83,58,Eastern Fire,36.378333,-120.901167,6/4/18
1282,84,248,Eastman Fire,37.197039,-120.002619,8/23/18
1283,85,214,Eel Fire,39.82877,-123.08489,7/31/18
1284,86,171,Eighty Eight Fire,38.59694444,-121.9938889,7/18/18
1285,87,256,Essex Fire,41.52123,-120.72362,9/2/18
1286,88,49,Ethanac Fire,33.742,-117.28189,6/3/18
1287,89,74,Euclid Fire,33.925862,-117.654299,6/12/18
1288,90,31,Experimental Fire,37.0979,-119.75307,5/23/18
1289,91,50,Fairview Fire,36.83036,-121.36446,6/3/18
1290,92,141,Ferguson Fire,37.6549,-119.88581,7/13/18
1291,93,226,Five Fire,35.97896,-119.98329,8/6/18
1292,94,111,Flat Fire,40.60402,-122.9144,6/28/18
1293,95,105,Flat Fire,37.80785,-120.30187,6/24/18
1294,96,253,Fork Fire,34.2325,-117.846111,9/9/18
1295,97,116,Fox Fire,35.33916,-120.71488,6/26/18
1296,98,15,French Fire,39.89075,-120.18499,4/26/18
1297,99,246,Front Fire,35.11416667,-120.0922222,8/19/18
1298,100,148,Georges Fire,36.6734,-118.21881,7/8/18
1299,101,43,Glen Fire,37.99113,-121.86473,6/2/18
1300,102,245,Gorge Fire,40.36888889,-122.8905556,8/19/18
1301,103,254,Grade Fire,38.8275,-122.3625,8/30/18
1302,104,48,Grande Fire,33.47413,-117.31468,6/3/18
1303,105,39,Grant Fire,37.75375,-121.57918,5/30/18
1304,106,120,Grant Fire,38.595865,-121.17693,6/29/18
1305,107,5,Grant Fire,37.73835,-121.6039,5/14/18
1306,108,151,Grant Fire,37.75646,-121.60646,7/8/18
1307,109,23,Grape Fire,40.70258,-123.55012,4/24/18
1308,110,140,Gray Fire,34.171786,-117.35606,7/13/18
1309,111,54,Green Fire,32.75072,-116.92404,6/3/18
1310,112,304,Green Hill Fire,40.888785,-124.001849,11/12/18
1311,113,240,Gulch Fire,36.00912,-120.82226,8/11/18
1312,114,145,Hale Fire,37.163594,-121.702547,7/10/18
1313,115,16,Happy Fire,34.74245,-120.18236,5/17/18
1314,116,232,Hat Fire,40.99344,-121.52225,8/9/18
1315,117,2,Haycamp Fire,35.96689,-121.28185,2/7/18
1316,118,182,Heart Fire,39.279833,-123.258319,7/21/18
1317,119,193,Hidden Fire,36.796,-121.40604,7/25/18
1318,120,176,Highland Fire,40.741186,-122.649626,7/20/18
1319,121,300,Hill Fire,34.22685,-118.93444,11/8/18
1320,122,229,Hirz Fire,40.896,-122.219,8/9/18
1321,123,137,Holiday Fire,34.463889,-119.831389,7/6/18
1322,124,222,Holy Fire,33.69888,-117.52055,8/6/18
1323,125,302,Honey Flooding,39.71217,-121.77385,11/29/18
1324,126,298,Horn Fire,40.83116,-120.19336,11/8/18
1325,127,183,Horse Creek Fire,36.42638,-118.70443,7/19/18
1326,128,106,Horse Fire,37.95766,-120.68902,6/24/18
1327,129,117,Hyatt Fire,40.316137,-120.45053,6/27/18
1328,130,157,Idria Fire,36.59036,-120.82355,7/12/18
1329,131,134,Irish Fire,38.42623,-120.95408,7/6/18
1330,132,92,Iron Fire,37.779209,-121.908976,6/19/18
1331,133,284,Iron Gate Fire,41.94046,-122.43933,10/10/18
1332,134,267,Irving Fire,38.02447,-122.727,9/10/18
1333,135,17,Jacques Fire,33.40178,-117.27467,5/9/18
1334,136,152,James Loop Fire,39.05391,-119.82242,7/9/18
1335,137,45,Jardin Fire,33.45014,-117.22215,6/2/18
1336,138,26,Jelly Fire,40.31759,-122.21032,5/18/18
1337,139,161,Johnson Fire,41.34453,-123.85404,7/15/18
1338,140,293,June Fire,39.36529,-121.51707,10/30/18
1339,141,34,Keeler Fire,37.21803,-121.76828,5/27/18
1340,142,279,Keenbrook Fire,34.24138,-117.42431,9/26/18
1341,143,247,Keller Fire,33.627006,-117.171731,8/19/18
1342,144,146,Kelley Fire,41.50105,-120.61108,7/14/18
1343,145,259,Kelsey Fire,38.91842,-122.85276,9/3/18
1344,146,264,Kerlin Fire,40.616251,-123.52019,9/4/18
1345,147,133,Klamathon Fire,41.893332,-122.534655,7/5/18
1346,148,14,Lago Fire,33.88744,-117.16232,4/22/18
1347,149,230,Land Fire,33.946896,-117.066643,8/22/18
1348,150,97,Lane Fire,40.35068,-121.77867,6/23/18
1349,151,126,Lariat Fire,40.00293,-122.44008,7/14/18
1350,152,142,Lebec Fire,34.86022,-118.87881,7/8/18
1351,153,64,Liberty Fire,38.24033,-121.09199,6/11/18
1352,154,113,Lions Fire,37.571,-119.118,6/11/18
1353,155,110,Llano Fire,39.6139,-121.954098,6/29/18
1354,156,169,Lott Fire,41.632373,-122.37985,7/17/18
1355,157,40,Madison FIre,38.64953,-122.01762,6/1/18
1356,158,24,Main Fire,33.67815,-117.32281,4/28/18
1357,159,237,Marcel Fire,35.17156,-118.51651,8/17/18
1358,160,292,Market Fire,36.47766,-119.10433,10/24/18
1359,161,192,Marsh Fire,37.89612,-121.85847,7/25/18
1360,162,52,Martin Fire,41.58233,-122.33769,6/3/18
1361,163,186,Martinez Fire,33.56921,-116.154398,7/23/18
1362,164,289,Masonic Fire,40.60866,-122.38366,10/14/18
1363,165,11,Meadow Fire,33.86439,-117.48144,4/9/18
1364,166,56,Meamber Fire,41.64805,-122.98442,6/4/18
1365,167,266,Metz Fire,36.35502,-121.1563,9/13/18
1366,168,270,Meyers Fire,38.7448,-120.65672,9/20/18
1367,169,166,Mill Creek 1 Fire,41.07944,-123.688056,8/16/18
1368,170,68,Mission Fire,37.97638,-122.5275,6/9/18
1369,171,22,Moffat Fire,36.71537,-118.08449,4/19/18
1370,172,303,Morgan Fire,37.81111,-121.7944,11/15/18
1371,173,225,Murphy Fire,39.996944,-121.27,8/7/18
1372,174,180,Mustang Fire,35.64917,-120.71907,7/21/18
1373,175,280,Nacimiento Fire,35.97677,-121.24898,10/2/18
1374,176,207,Natchez Fire,41.95113,-123.54642,7/15/18
1375,177,19,Nees Fire,36.85156,-120.77206,5/2/18
1376,178,236,Nelson Fire,38.431278,-122.043747,8/10/18
1377,179,306,Niles Fire,37.61158,-121.94182,11/14/18
1378,180,277,Nimshew Fire,39.84151,-121.62168,9/24/18
1379,181,260,North Fire,39.268611,-120.658333,9/3/18
1380,182,299,Nurse Fire,38.21396,-121.9424,11/8/18
1381,183,59,ONeals Fire,37.10181,-119.623981,6/4/18
1382,184,238,Oak Fire,39.10494,-121.07039,8/12/18
1383,185,272,Oak Fire,37.38789,-119.68912,9/22/18
1384,186,255,Ogilvy Fire,34.576944,-119.61416,9/1/18
1385,187,219,Omega Fire,38.82128,-121.03918,8/1/18
1386,188,41,Open Fire,39.46543,-122.65582,6/1/18
1387,189,84,Oregon Fire,39.549167,-121.521111,6/16/18
1388,190,209,Owens Fire,37.735461,-118.970443,7/31/18
1389,191,61,Pallet Fire,38.245151,-122.44408,6/5/18
1390,192,147,Panoche Fire,36.65351,-121.0454,7/11/18
1391,193,60,Panoche Fire,36.64832,-121.03253,6/4/18
1392,194,119,Par Fire,39.491737,-121.637759,7/4/18
1393,195,283,Park Fire,37.1769444,-121.6869444,10/7/18
1394,196,198,Parrots Fire,38.08424,-120.46078,8/5/18
1395,197,196,Pasqual Fire,33.07892,-116.91845,7/27/18
1396,198,7,Patterson Fire,33.62924,-117.05992,5/17/18
1397,199,194,Patterson Fire,37.71173,-121.55604,7/25/18
1398,200,100,Pawnee Fire,39.0674,-122.59848,6/23/18
1399,201,108,Peach Fire ,39.038859,-123.38493,7/5/18
1400,202,308,Peak Fire,34.26734825,-118.6438159,11/12/18
1401,203,128,Petersburg Fire,41.085,-123.051,7/1/18
1402,204,185,Pico Fire,34.38039,-118.60441,7/23/18
1403,205,228,Pine Fire,35.56888889,-118.8013889,8/16/18
1404,206,81,Planada Fire,37.39339,-120.34207,6/15/18
1405,207,28,Plaza Fire,37.056944,-121.01638,5/20/18
1406,208,3,Pleasant Fire,37.40208,-118.50235,2/18/18
1407,209,42,Plymire Fire,40.201826,-122.29388,6/1/18
1408,210,75,Portola Fire ,34.110516,-118.427886,6/12/18
1409,211,290,Powellton Fire,39.93427,-121.54103,10/15/18
1410,212,287,Priest Fire,36.18401,-120.69955,10/13/18
1411,213,276,Quimby Fire,37.33563,-121.75815,9/23/18
1412,214,202,Ranch Fire (Mendocino Complex),39.243283,-123.103367,7/27/18
1413,215,262,Ranchera Fire,40.678889,-122.400556,9/4/18
1414,216,93,Ranchita Fire,35.77017,-120.57833,6/19/18
1415,217,231,Rangeland Fire,33.076239,-116.902985,8/9/18
1416,218,82,Raymond Fire,37.14663,-119.91223,6/15/18
1417,219,63,Recycle Fire,32.63046,-116.46674,6/6/18
1418,220,250,Redinger Fire,37.179167,-119.431667,8/27/18
1419,221,216,Reservoir Fire,35.30151,-120.64398,9/16/18
1420,222,51,Resort Fire,35.75737,-120.91793,6/3/18
1421,223,197,Ribbon Fire,33.571763,-116.500058,7/26/18
1422,224,187,Ridge Fire,38.981389,-122.97222,9/2/18
1423,225,294,Rincon Fire,37.0125,-122.046,11/3/18
1424,226,241,River Fire,35.79012,-118.7393,8/15/18
1425,227,204,River Fire (Mendocino Complex),39.04786,-123.11971,7/27/18
1426,228,10,Rock Fire,40.4635,-121.77419,3/27/18
1427,229,211,Rock Fire,33.41476,-117.24044,7/28/18
1428,230,179,Rock Fire,35.68539,-120.95157,7/21/18
1429,231,107,Romero Fire,37.08529,-121.09354,6/24/18
1430,232,189,Roxie Fire (Formerly 1-1 Fire),40.34822,-120.82497,7/24/18
1431,233,70,Sam Fire,35.9352,-121.11936,6/9/18
1432,234,112,San Ardo,35.95515,-120.86256,6/26/18
1433,236,73,Santiago Fire,33.787838,-117.746625,6/11/18
1434,237,127,School Fire,37.22791,-119.50461,7/10/18
1435,239,13,Shastina Fire,41.65935,-122.48556,5/9/18
1436,240,103,Sheep Fire,35.1234,-118.72905,6/29/18
1437,241,132,Shingle Fire,38.539806,-121.059979,7/4/18
1438,242,115,Shippee Fire,39.59872,-121.78208,6/26/18
1439,243,98,Sierra Fire,40.12791,-122.19792,6/23/18
1440,244,305,Sierra Fire,34.18075,-117.43184,11/13/18
1441,245,275,Silver Fire,40.5939,-122.17173,9/28/18
1442,246,172,Simmons Fire,39.57202,-121.43131,7/19/18
1443,247,175,Skyline Fire,33.836101,-117.607577,7/19/18
1444,248,261,Sliger Fire,38.94388,-120.92611,9/4/18
1445,249,235,Snell Fire,38.69601,-122.44468,9/8/18
1446,250,269,Soboba Fire,33.80406,-116.93188,9/14/18
1447,251,210,Sobrante Fire,33.85852,-117.43521,7/28/18
1448,252,224,South Fire,38.061298,-120.872244,8/6/18
1449,253,69,South Fire,37.97638,-122.5275,6/9/18
1450,254,155,Spring 2 Fire,39.06715,-122.59789,7/9/18
1451,255,76,Spring Fire,40.394073,-122.135924,6/13/18
1452,256,159,Steamboat Fire,41.70877,-122.47293,7/15/18
1453,257,213,Steele Fire,38.51943,-122.18353,7/28/18
1454,258,257,Sterling,34.15475,-117.244366,8/31/18
1455,259,99,Stoll Fire,40.18395,-122.27574,6/23/18
1456,260,55,Stone Fire,34.5486,-118.31138,6/4/18
1457,261,242,Stone Fire,41.38544,-121.04386,8/15/18
1458,262,139,Stoney Fire,39.77124,-121.76859,7/12/18
1459,263,102,Stony Fire,39.2976,-122.512012,7/4/18
1460,264,37,Stuhr Fire,37.32744,-121.10903,5/29/18
1461,265,282,Sun Fire,40.22027778,-122.18,10/7/18
1462,266,220,Sunset Fire,38.82426,-121.451307,8/1/18
1463,267,233,Syar Fire,38.27229,-122.26389,8/9/18
1464,268,201,Tarina Fire,35.37444,-118.83556,8/3/18
1465,269,223,Terra Fire,33.759722,-117.460278,8/6/18
1466,270,122,Tesla Fire,37.66074,-121.67144,6/29/18
1467,271,20,Tornado Fire,33.504964,-117.148204,5/4/18
1468,272,288,Tower Fire,40.49618,-122.51597,10/14/18
1469,273,263,Tulloch Fire,37.83388,-120.61746,9/8/18
1470,274,80,Tumbleweed Fire,40.3768,-120.36403,6/14/18
1471,275,221,Turkey Fire,35.847778,-120.343056,8/6/18
1472,276,165,Tuscan Fire,40.27754,-122.11375,7/15/18
1473,277,8,Tyler Fire,33.711263,-116.164058,4/15/18
1474,278,88,Upper Colony Fire,38.834395,-119.416746,6/17/18
1475,279,89,Vallecitos Fire,37.627119,-121.806775,6/17/18
1476,280,121,Valley Fire,37.94714,-121.9921,6/29/18
1477,281,135,Valley Fire,34.095568,-116.958806,7/6/18
1478,282,38,Vineyard Fire,35.71859,-120.64028,5/29/18
1479,283,62,Vista Fire,33.40769,-117.22974,6/5/18
1480,284,72,Vista Fire,35.663607,-120.670311,6/13/18
1481,285,149,Vista Fire,40.62693,-122.23449,7/8/18
1482,286,12,Volcan Fire,33.12213,-116.58759,5/10/18
1483,287,199,Wagner Fire,37.69965,-120.0545,8/4/18
1484,288,268,Water Fire,34.91482,-118.92485,9/12/18
1485,289,32,Water Fire,35.56922,-120.12441,5/24/18
1486,290,109,Waverly Fire,38.052055,-120.945482,6/29/18
1487,291,129,West Fire,32.833674,-116.7311,7/6/18
1488,292,195,Western Fire,38.8802,-123.0496,8/1/18
1489,293,206,Whaleback Fire,40.633536,-120.868091,7/27/18
1490,294,91,Wheeler Fire,37.707234,-120.199162,6/18/18
1491,295,25,White Fire,35.826333,-118.9821,5/18/18
1492,296,86,Willow Fire,38.015323,-121.998967,6/16/18
1493,297,274,Wilson Fire,40.34256,-121.43025,9/28/18
1494,298,252,Winchester Fire,33.640051,-117.085354,8/27/18
1495,299,177,Windmill Fire,34.62412,-120.22298,7/20/18
1496,300,286,Winters Fire,38.45673,-121.94658,10/12/18
1497,301,21,Woodchuck Fire,33.467999,-117.003829,5/4/18
1498,302,301,Woolsey Fire,34.235,-118.70128,11/8/18
1499,303,94,Yankee Fire,35.73629,-120.75593,6/20/18